date_key,calendar_date,date_desc,calendar_month_number,day_number_overall,day_of_week,day_of_week_number,week_number,week_desc_current,month,month_number_current,fiscal_year,fiscal_year_month,holiday,holiday_flag,special_day,season,event
1,2023-01-01,"January 01, 2023",1,1,Sunday,7,52,Week 52,January,1,FY2023,FY2023-01,Regular Day,N,,Winter,
2,2023-01-02,"January 02, 2023",1,2,Monday,1,1,Week 1,January,1,FY2023,FY2023-01,Regular Day,N,,Winter,
3,2023-01-03,"January 03, 2023",1,3,Tuesday,2,1,Week 1,January,1,FY2023,FY2023-01,Regular Day,N,,Winter,
4,2023-01-04,"January 04, 2023",1,4,Wednesday,3,1,Week 1,January,1,FY2023,FY2023-01,Regular Day,N,,Winter,
5,2023-01-05,"January 05, 2023",1,5,Thursday,4,1,Week 1,January,1,FY2023,FY2023-01,Regular Day,N,,Winter,
6,2023-01-06,"January 06, 2023",1,6,Friday,5,1,Week 1,January,1,FY2023,FY2023-01,Regular Day,N,,Winter,
7,2023-01-07,"January 07, 2023",1,7,Saturday,6,1,Week 1,January,1,FY2023,FY2023-01,Regular Day,N,,Winter,
8,2023-01-08,"January 08, 2023",1,8,Sunday,7,1,Week 1,January,1,FY2023,FY2023-01,Regular Day,N,,Winter,
9,2023-01-09,"January 09, 2023",1,9,Monday,1,2,Week 2,January,1,FY2023,FY2023-01,Regular Day,N,,Winter,
10,2023-01-10,"January 10, 2023",1,10,Tuesday,2,2,Week 2,January,1,FY2023,FY2023-01,Regular Day,N,,Winter,
11,2023-01-11,"January 11, 2023",1,11,Wednesday,3,2,Week 2,January,1,FY2023,FY2023-01,Regular Day,N,,Winter,
12,2023-01-12,"January 12, 2023",1,12,Thursday,4,2,Week 2,January,1,FY2023,FY2023-01,Regular Day,N,,Winter,
13,2023-01-13,"January 13, 2023",1,13,Friday,5,2,Week 2,January,1,FY2023,FY2023-01,Regular Day,N,,Winter,
14,2023-01-14,"January 14, 2023",1,14,Saturday,6,2,Week 2,January,1,FY2023,FY2023-01,Regular Day,N,,Winter,
15,2023-01-15,"January 15, 2023",1,15,Sunday,7,2,Week 2,January,1,FY2023,FY2023-01,Regular Day,N,,Winter,
16,2023-01-16,"January 16, 2023",1,16,Monday,1,3,Week 3,January,1,FY2023,FY2023-01,Regular Day,N,,Winter,
17,2023-01-17,"January 17, 2023",1,17,Tuesday,2,3,Week 3,January,1,FY2023,FY2023-01,Regular Day,N,,Winter,
18,2023-01-18,"January 18, 2023",1,18,Wednesday,3,3,Week 3,January,1,FY2023,FY2023-01,Regular Day,N,,Winter,
19,2023-01-19,"January 19, 2023",1,19,Thursday,4,3,Week 3,January,1,FY2023,FY2023-01,Regular Day,N,,Winter,
20,2023-01-20,"January 20, 2023",1,20,Friday,5,3,Week 3,January,1,FY2023,FY2023-01,Regular Day,N,,Winter,
21,2023-01-21,"January 21, 2023",1,21,Saturday,6,3,Week 3,January,1,FY2023,FY2023-01,Regular Day,N,,Winter,
22,2023-01-22,"January 22, 2023",1,22,Sunday,7,3,Week 3,January,1,FY2023,FY2023-01,Regular Day,N,,Winter,
23,2023-01-23,"January 23, 2023",1,23,Monday,1,4,Week 4,January,1,FY2023,FY2023-01,Regular Day,N,,Winter,
24,2023-01-24,"January 24, 2023",1,24,Tuesday,2,4,Week 4,January,1,FY2023,FY2023-01,Regular Day,N,,Winter,
25,2023-01-25,"January 25, 2023",1,25,Wednesday,3,4,Week 4,January,1,FY2023,FY2023-01,Regular Day,N,,Winter,
26,2023-01-26,"January 26, 2023",1,26,Thursday,4,4,Week 4,January,1,FY2023,FY2023-01,Regular Day,N,,Winter,
27,2023-01-27,"January 27, 2023",1,27,Friday,5,4,Week 4,January,1,FY2023,FY2023-01,Regular Day,N,,Winter,
28,2023-01-28,"January 28, 2023",1,28,Saturday,6,4,Week 4,January,1,FY2023,FY2023-01,Regular Day,N,,Winter,
29,2023-01-29,"January 29, 2023",1,29,Sunday,7,4,Week 4,January,1,FY2023,FY2023-01,Regular Day,N,,Winter,
30,2023-01-30,"January 30, 2023",1,30,Monday,1,5,Week 5,January,1,FY2023,FY2023-01,Regular Day,N,,Winter,
31,2023-01-31,"January 31, 2023",1,31,Tuesday,2,5,Week 5,January,1,FY2023,FY2023-01,Regular Day,N,,Winter,
32,2023-02-01,"February 01, 2023",2,32,Wednesday,3,5,Week 5,February,2,FY2023,FY2023-02,Regular Day,N,,Winter,
33,2023-02-02,"February 02, 2023",2,33,Thursday,4,5,Week 5,February,2,FY2023,FY2023-02,Regular Day,N,,Winter,
34,2023-02-03,"February 03, 2023",2,34,Friday,5,5,Week 5,February,2,FY2023,FY2023-02,Regular Day,N,,Winter,
35,2023-02-04,"February 04, 2023",2,35,Saturday,6,5,Week 5,February,2,FY2023,FY2023-02,Regular Day,N,,Winter,
36,2023-02-05,"February 05, 2023",2,36,Sunday,7,5,Week 5,February,2,FY2023,FY2023-02,Regular Day,N,,Winter,
37,2023-02-06,"February 06, 2023",2,37,Monday,1,6,Week 6,February,2,FY2023,FY2023-02,Regular Day,N,,Winter,
38,2023-02-07,"February 07, 2023",2,38,Tuesday,2,6,Week 6,February,2,FY2023,FY2023-02,Regular Day,N,,Winter,
39,2023-02-08,"February 08, 2023",2,39,Wednesday,3,6,Week 6,February,2,FY2023,FY2023-02,Regular Day,N,,Winter,
40,2023-02-09,"February 09, 2023",2,40,Thursday,4,6,Week 6,February,2,FY2023,FY2023-02,Regular Day,N,,Winter,
41,2023-02-10,"February 10, 2023",2,41,Friday,5,6,Week 6,February,2,FY2023,FY2023-02,Regular Day,N,,Winter,
42,2023-02-11,"February 11, 2023",2,42,Saturday,6,6,Week 6,February,2,FY2023,FY2023-02,Regular Day,N,,Winter,
43,2023-02-12,"February 12, 2023",2,43,Sunday,7,6,Week 6,February,2,FY2023,FY2023-02,Regular Day,N,,Winter,
44,2023-02-13,"February 13, 2023",2,44,Monday,1,7,Week 7,February,2,FY2023,FY2023-02,Regular Day,N,,Winter,
45,2023-02-14,"February 14, 2023",2,45,Tuesday,2,7,Week 7,February,2,FY2023,FY2023-02,Regular Day,N,,Winter,
46,2023-02-15,"February 15, 2023",2,46,Wednesday,3,7,Week 7,February,2,FY2023,FY2023-02,Regular Day,N,,Winter,
47,2023-02-16,"February 16, 2023",2,47,Thursday,4,7,Week 7,February,2,FY2023,FY2023-02,Regular Day,N,,Winter,
48,2023-02-17,"February 17, 2023",2,48,Friday,5,7,Week 7,February,2,FY2023,FY2023-02,Regular Day,N,,Winter,
49,2023-02-18,"February 18, 2023",2,49,Saturday,6,7,Week 7,February,2,FY2023,FY2023-02,Regular Day,N,,Winter,
50,2023-02-19,"February 19, 2023",2,50,Sunday,7,7,Week 7,February,2,FY2023,FY2023-02,Regular Day,N,,Winter,
51,2023-02-20,"February 20, 2023",2,51,Monday,1,8,Week 8,February,2,FY2023,FY2023-02,Regular Day,N,,Winter,
52,2023-02-21,"February 21, 2023",2,52,Tuesday,2,8,Week 8,February,2,FY2023,FY2023-02,Regular Day,N,,Winter,
53,2023-02-22,"February 22, 2023",2,53,Wednesday,3,8,Week 8,February,2,FY2023,FY2023-02,Regular Day,N,,Winter,
54,2023-02-23,"February 23, 2023",2,54,Thursday,4,8,Week 8,February,2,FY2023,FY2023-02,Regular Day,N,,Winter,
55,2023-02-24,"February 24, 2023",2,55,Friday,5,8,Week 8,February,2,FY2023,FY2023-02,Regular Day,N,,Winter,
56,2023-02-25,"February 25, 2023",2,56,Saturday,6,8,Week 8,February,2,FY2023,FY2023-02,Regular Day,N,,Winter,
57,2023-02-26,"February 26, 2023",2,57,Sunday,7,8,Week 8,February,2,FY2023,FY2023-02,Regular Day,N,,Winter,
58,2023-02-27,"February 27, 2023",2,58,Monday,1,9,Week 9,February,2,FY2023,FY2023-02,Regular Day,N,,Winter,
59,2023-02-28,"February 28, 2023",2,59,Tuesday,2,9,Week 9,February,2,FY2023,FY2023-02,Regular Day,N,,Winter,
60,2023-03-01,"March 01, 2023",3,60,Wednesday,3,9,Week 9,March,3,FY2023,FY2023-03,Regular Day,N,,Spring,
61,2023-03-02,"March 02, 2023",3,61,Thursday,4,9,Week 9,March,3,FY2023,FY2023-03,Regular Day,N,,Spring,
62,2023-03-03,"March 03, 2023",3,62,Friday,5,9,Week 9,March,3,FY2023,FY2023-03,Regular Day,N,,Spring,
63,2023-03-04,"March 04, 2023",3,63,Saturday,6,9,Week 9,March,3,FY2023,FY2023-03,Regular Day,N,,Spring,
64,2023-03-05,"March 05, 2023",3,64,Sunday,7,9,Week 9,March,3,FY2023,FY2023-03,Regular Day,N,,Spring,
65,2023-03-06,"March 06, 2023",3,65,Monday,1,10,Week 10,March,3,FY2023,FY2023-03,Regular Day,N,,Spring,
66,2023-03-07,"March 07, 2023",3,66,Tuesday,2,10,Week 10,March,3,FY2023,FY2023-03,Regular Day,N,,Spring,
67,2023-03-08,"March 08, 2023",3,67,Wednesday,3,10,Week 10,March,3,FY2023,FY2023-03,Regular Day,N,,Spring,
68,2023-03-09,"March 09, 2023",3,68,Thursday,4,10,Week 10,March,3,FY2023,FY2023-03,Regular Day,N,,Spring,
69,2023-03-10,"March 10, 2023",3,69,Friday,5,10,Week 10,March,3,FY2023,FY2023-03,Regular Day,N,,Spring,
70,2023-03-11,"March 11, 2023",3,70,Saturday,6,10,Week 10,March,3,FY2023,FY2023-03,Regular Day,N,,Spring,
71,2023-03-12,"March 12, 2023",3,71,Sunday,7,10,Week 10,March,3,FY2023,FY2023-03,Regular Day,N,,Spring,
72,2023-03-13,"March 13, 2023",3,72,Monday,1,11,Week 11,March,3,FY2023,FY2023-03,Regular Day,N,,Spring,
73,2023-03-14,"March 14, 2023",3,73,Tuesday,2,11,Week 11,March,3,FY2023,FY2023-03,Regular Day,N,,Spring,
74,2023-03-15,"March 15, 2023",3,74,Wednesday,3,11,Week 11,March,3,FY2023,FY2023-03,Regular Day,N,,Spring,
75,2023-03-16,"March 16, 2023",3,75,Thursday,4,11,Week 11,March,3,FY2023,FY2023-03,Regular Day,N,,Spring,
76,2023-03-17,"March 17, 2023",3,76,Friday,5,11,Week 11,March,3,FY2023,FY2023-03,Regular Day,N,,Spring,
77,2023-03-18,"March 18, 2023",3,77,Saturday,6,11,Week 11,March,3,FY2023,FY2023-03,Regular Day,N,,Spring,
78,2023-03-19,"March 19, 2023",3,78,Sunday,7,11,Week 11,March,3,FY2023,FY2023-03,Regular Day,N,,Spring,
79,2023-03-20,"March 20, 2023",3,79,Monday,1,12,Week 12,March,3,FY2023,FY2023-03,Regular Day,N,,Spring,
80,2023-03-21,"March 21, 2023",3,80,Tuesday,2,12,Week 12,March,3,FY2023,FY2023-03,Regular Day,N,,Spring,
81,2023-03-22,"March 22, 2023",3,81,Wednesday,3,12,Week 12,March,3,FY2023,FY2023-03,Regular Day,N,,Spring,
82,2023-03-23,"March 23, 2023",3,82,Thursday,4,12,Week 12,March,3,FY2023,FY2023-03,Regular Day,N,,Spring,
83,2023-03-24,"March 24, 2023",3,83,Friday,5,12,Week 12,March,3,FY2023,FY2023-03,Regular Day,N,,Spring,
84,2023-03-25,"March 25, 2023",3,84,Saturday,6,12,Week 12,March,3,FY2023,FY2023-03,Regular Day,N,,Spring,
85,2023-03-26,"March 26, 2023",3,85,Sunday,7,12,Week 12,March,3,FY2023,FY2023-03,Regular Day,N,,Spring,
86,2023-03-27,"March 27, 2023",3,86,Monday,1,13,Week 13,March,3,FY2023,FY2023-03,Regular Day,N,,Spring,
87,2023-03-28,"March 28, 2023",3,87,Tuesday,2,13,Week 13,March,3,FY2023,FY2023-03,Regular Day,N,,Spring,
88,2023-03-29,"March 29, 2023",3,88,Wednesday,3,13,Week 13,March,3,FY2023,FY2023-03,Regular Day,N,,Spring,
89,2023-03-30,"March 30, 2023",3,89,Thursday,4,13,Week 13,March,3,FY2023,FY2023-03,Regular Day,N,,Spring,
90,2023-03-31,"March 31, 2023",3,90,Friday,5,13,Week 13,March,3,FY2023,FY2023-03,Regular Day,N,,Spring,
91,2023-04-01,"April 01, 2023",4,91,Saturday,6,13,Week 13,April,4,FY2023,FY2023-04,Regular Day,N,,Spring,
92,2023-04-02,"April 02, 2023",4,92,Sunday,7,13,Week 13,April,4,FY2023,FY2023-04,Regular Day,N,,Spring,
93,2023-04-03,"April 03, 2023",4,93,Monday,1,14,Week 14,April,4,FY2023,FY2023-04,Regular Day,N,,Spring,
94,2023-04-04,"April 04, 2023",4,94,Tuesday,2,14,Week 14,April,4,FY2023,FY2023-04,Regular Day,N,,Spring,
95,2023-04-05,"April 05, 2023",4,95,Wednesday,3,14,Week 14,April,4,FY2023,FY2023-04,Regular Day,N,,Spring,
96,2023-04-06,"April 06, 2023",4,96,Thursday,4,14,Week 14,April,4,FY2023,FY2023-04,Regular Day,N,,Spring,
97,2023-04-07,"April 07, 2023",4,97,Friday,5,14,Week 14,April,4,FY2023,FY2023-04,Regular Day,N,,Spring,
98,2023-04-08,"April 08, 2023",4,98,Saturday,6,14,Week 14,April,4,FY2023,FY2023-04,Regular Day,N,,Spring,
99,2023-04-09,"April 09, 2023",4,99,Sunday,7,14,Week 14,April,4,FY2023,FY2023-04,Regular Day,N,,Spring,
100,2023-04-10,"April 10, 2023",4,100,Monday,1,15,Week 15,April,4,FY2023,FY2023-04,Regular Day,N,,Spring,
101,2023-04-11,"April 11, 2023",4,101,Tuesday,2,15,Week 15,April,4,FY2023,FY2023-04,Regular Day,N,,Spring,
102,2023-04-12,"April 12, 2023",4,102,Wednesday,3,15,Week 15,April,4,FY2023,FY2023-04,Regular Day,N,,Spring,
103,2023-04-13,"April 13, 2023",4,103,Thursday,4,15,Week 15,April,4,FY2023,FY2023-04,Regular Day,N,,Spring,
104,2023-04-14,"April 14, 2023",4,104,Friday,5,15,Week 15,April,4,FY2023,FY2023-04,Regular Day,N,,Spring,
105,2023-04-15,"April 15, 2023",4,105,Saturday,6,15,Week 15,April,4,FY2023,FY2023-04,Regular Day,N,,Spring,
106,2023-04-16,"April 16, 2023",4,106,Sunday,7,15,Week 15,April,4,FY2023,FY2023-04,Regular Day,N,,Spring,
107,2023-04-17,"April 17, 2023",4,107,Monday,1,16,Week 16,April,4,FY2023,FY2023-04,Regular Day,N,,Spring,
108,2023-04-18,"April 18, 2023",4,108,Tuesday,2,16,Week 16,April,4,FY2023,FY2023-04,Regular Day,N,,Spring,
109,2023-04-19,"April 19, 2023",4,109,Wednesday,3,16,Week 16,April,4,FY2023,FY2023-04,Regular Day,N,,Spring,
110,2023-04-20,"April 20, 2023",4,110,Thursday,4,16,Week 16,April,4,FY2023,FY2023-04,Regular Day,N,,Spring,
111,2023-04-21,"April 21, 2023",4,111,Friday,5,16,Week 16,April,4,FY2023,FY2023-04,Regular Day,N,,Spring,
112,2023-04-22,"April 22, 2023",4,112,Saturday,6,16,Week 16,April,4,FY2023,FY2023-04,Regular Day,N,,Spring,
113,2023-04-23,"April 23, 2023",4,113,Sunday,7,16,Week 16,April,4,FY2023,FY2023-04,Regular Day,N,,Spring,
114,2023-04-24,"April 24, 2023",4,114,Monday,1,17,Week 17,April,4,FY2023,FY2023-04,Regular Day,N,,Spring,
115,2023-04-25,"April 25, 2023",4,115,Tuesday,2,17,Week 17,April,4,FY2023,FY2023-04,Regular Day,N,,Spring,
116,2023-04-26,"April 26, 2023",4,116,Wednesday,3,17,Week 17,April,4,FY2023,FY2023-04,Regular Day,N,,Spring,
117,2023-04-27,"April 27, 2023",4,117,Thursday,4,17,Week 17,April,4,FY2023,FY2023-04,Regular Day,N,,Spring,
118,2023-04-28,"April 28, 2023",4,118,Friday,5,17,Week 17,April,4,FY2023,FY2023-04,Regular Day,N,,Spring,
119,2023-04-29,"April 29, 2023",4,119,Saturday,6,17,Week 17,April,4,FY2023,FY2023-04,Regular Day,N,,Spring,
120,2023-04-30,"April 30, 2023",4,120,Sunday,7,17,Week 17,April,4,FY2023,FY2023-04,Regular Day,N,,Spring,
121,2023-05-01,"May 01, 2023",5,121,Monday,1,18,Week 18,May,5,FY2023,FY2023-05,Regular Day,N,,Spring,
122,2023-05-02,"May 02, 2023",5,122,Tuesday,2,18,Week 18,May,5,FY2023,FY2023-05,Regular Day,N,,Spring,
123,2023-05-03,"May 03, 2023",5,123,Wednesday,3,18,Week 18,May,5,FY2023,FY2023-05,Regular Day,N,,Spring,
124,2023-05-04,"May 04, 2023",5,124,Thursday,4,18,Week 18,May,5,FY2023,FY2023-05,Regular Day,N,,Spring,
125,2023-05-05,"May 05, 2023",5,125,Friday,5,18,Week 18,May,5,FY2023,FY2023-05,Regular Day,N,,Spring,
126,2023-05-06,"May 06, 2023",5,126,Saturday,6,18,Week 18,May,5,FY2023,FY2023-05,Regular Day,N,,Spring,
127,2023-05-07,"May 07, 2023",5,127,Sunday,7,18,Week 18,May,5,FY2023,FY2023-05,Regular Day,N,,Spring,
128,2023-05-08,"May 08, 2023",5,128,Monday,1,19,Week 19,May,5,FY2023,FY2023-05,Regular Day,N,,Spring,
129,2023-05-09,"May 09, 2023",5,129,Tuesday,2,19,Week 19,May,5,FY2023,FY2023-05,Regular Day,N,,Spring,
130,2023-05-10,"May 10, 2023",5,130,Wednesday,3,19,Week 19,May,5,FY2023,FY2023-05,Regular Day,N,,Spring,
131,2023-05-11,"May 11, 2023",5,131,Thursday,4,19,Week 19,May,5,FY2023,FY2023-05,Regular Day,N,,Spring,
132,2023-05-12,"May 12, 2023",5,132,Friday,5,19,Week 19,May,5,FY2023,FY2023-05,Regular Day,N,,Spring,
133,2023-05-13,"May 13, 2023",5,133,Saturday,6,19,Week 19,May,5,FY2023,FY2023-05,Regular Day,N,,Spring,
134,2023-05-14,"May 14, 2023",5,134,Sunday,7,19,Week 19,May,5,FY2023,FY2023-05,Regular Day,N,,Spring,
135,2023-05-15,"May 15, 2023",5,135,Monday,1,20,Week 20,May,5,FY2023,FY2023-05,Regular Day,N,,Spring,
136,2023-05-16,"May 16, 2023",5,136,Tuesday,2,20,Week 20,May,5,FY2023,FY2023-05,Regular Day,N,,Spring,
137,2023-05-17,"May 17, 2023",5,137,Wednesday,3,20,Week 20,May,5,FY2023,FY2023-05,Regular Day,N,,Spring,
138,2023-05-18,"May 18, 2023",5,138,Thursday,4,20,Week 20,May,5,FY2023,FY2023-05,Regular Day,N,,Spring,
139,2023-05-19,"May 19, 2023",5,139,Friday,5,20,Week 20,May,5,FY2023,FY2023-05,Regular Day,N,,Spring,
140,2023-05-20,"May 20, 2023",5,140,Saturday,6,20,Week 20,May,5,FY2023,FY2023-05,Regular Day,N,,Spring,
141,2023-05-21,"May 21, 2023",5,141,Sunday,7,20,Week 20,May,5,FY2023,FY2023-05,Regular Day,N,,Spring,
142,2023-05-22,"May 22, 2023",5,142,Monday,1,21,Week 21,May,5,FY2023,FY2023-05,Regular Day,N,,Spring,
143,2023-05-23,"May 23, 2023",5,143,Tuesday,2,21,Week 21,May,5,FY2023,FY2023-05,Regular Day,N,,Spring,
144,2023-05-24,"May 24, 2023",5,144,Wednesday,3,21,Week 21,May,5,FY2023,FY2023-05,Regular Day,N,,Spring,
145,2023-05-25,"May 25, 2023",5,145,Thursday,4,21,Week 21,May,5,FY2023,FY2023-05,Regular Day,N,,Spring,
146,2023-05-26,"May 26, 2023",5,146,Friday,5,21,Week 21,May,5,FY2023,FY2023-05,Regular Day,N,,Spring,
147,2023-05-27,"May 27, 2023",5,147,Saturday,6,21,Week 21,May,5,FY2023,FY2023-05,Regular Day,N,,Spring,
148,2023-05-28,"May 28, 2023",5,148,Sunday,7,21,Week 21,May,5,FY2023,FY2023-05,Regular Day,N,,Spring,
149,2023-05-29,"May 29, 2023",5,149,Monday,1,22,Week 22,May,5,FY2023,FY2023-05,Regular Day,N,,Spring,
150,2023-05-30,"May 30, 2023",5,150,Tuesday,2,22,Week 22,May,5,FY2023,FY2023-05,Regular Day,N,,Spring,
151,2023-05-31,"May 31, 2023",5,151,Wednesday,3,22,Week 22,May,5,FY2023,FY2023-05,Regular Day,N,,Spring,
152,2023-06-01,"June 01, 2023",6,152,Thursday,4,22,Week 22,June,6,FY2023,FY2023-06,Regular Day,N,,Summer,
153,2023-06-02,"June 02, 2023",6,153,Friday,5,22,Week 22,June,6,FY2023,FY2023-06,Regular Day,N,,Summer,
154,2023-06-03,"June 03, 2023",6,154,Saturday,6,22,Week 22,June,6,FY2023,FY2023-06,Regular Day,N,,Summer,
155,2023-06-04,"June 04, 2023",6,155,Sunday,7,22,Week 22,June,6,FY2023,FY2023-06,Regular Day,N,,Summer,
156,2023-06-05,"June 05, 2023",6,156,Monday,1,23,Week 23,June,6,FY2023,FY2023-06,Regular Day,N,,Summer,
157,2023-06-06,"June 06, 2023",6,157,Tuesday,2,23,Week 23,June,6,FY2023,FY2023-06,Regular Day,N,,Summer,
158,2023-06-07,"June 07, 2023",6,158,Wednesday,3,23,Week 23,June,6,FY2023,FY2023-06,Regular Day,N,,Summer,
159,2023-06-08,"June 08, 2023",6,159,Thursday,4,23,Week 23,June,6,FY2023,FY2023-06,Regular Day,N,,Summer,
160,2023-06-09,"June 09, 2023",6,160,Friday,5,23,Week 23,June,6,FY2023,FY2023-06,Regular Day,N,,Summer,
161,2023-06-10,"June 10, 2023",6,161,Saturday,6,23,Week 23,June,6,FY2023,FY2023-06,Regular Day,N,,Summer,
162,2023-06-11,"June 11, 2023",6,162,Sunday,7,23,Week 23,June,6,FY2023,FY2023-06,Regular Day,N,,Summer,
163,2023-06-12,"June 12, 2023",6,163,Monday,1,24,Week 24,June,6,FY2023,FY2023-06,Regular Day,N,,Summer,
164,2023-06-13,"June 13, 2023",6,164,Tuesday,2,24,Week 24,June,6,FY2023,FY2023-06,Regular Day,N,,Summer,
165,2023-06-14,"June 14, 2023",6,165,Wednesday,3,24,Week 24,June,6,FY2023,FY2023-06,Regular Day,N,,Summer,
166,2023-06-15,"June 15, 2023",6,166,Thursday,4,24,Week 24,June,6,FY2023,FY2023-06,Regular Day,N,,Summer,
167,2023-06-16,"June 16, 2023",6,167,Friday,5,24,Week 24,June,6,FY2023,FY2023-06,Regular Day,N,,Summer,
168,2023-06-17,"June 17, 2023",6,168,Saturday,6,24,Week 24,June,6,FY2023,FY2023-06,Regular Day,N,,Summer,
169,2023-06-18,"June 18, 2023",6,169,Sunday,7,24,Week 24,June,6,FY2023,FY2023-06,Regular Day,N,,Summer,
170,2023-06-19,"June 19, 2023",6,170,Monday,1,25,Week 25,June,6,FY2023,FY2023-06,Regular Day,N,,Summer,
171,2023-06-20,"June 20, 2023",6,171,Tuesday,2,25,Week 25,June,6,FY2023,FY2023-06,Regular Day,N,,Summer,
172,2023-06-21,"June 21, 2023",6,172,Wednesday,3,25,Week 25,June,6,FY2023,FY2023-06,Regular Day,N,,Summer,
173,2023-06-22,"June 22, 2023",6,173,Thursday,4,25,Week 25,June,6,FY2023,FY2023-06,Regular Day,N,,Summer,
174,2023-06-23,"June 23, 2023",6,174,Friday,5,25,Week 25,June,6,FY2023,FY2023-06,Regular Day,N,,Summer,
175,2023-06-24,"June 24, 2023",6,175,Saturday,6,25,Week 25,June,6,FY2023,FY2023-06,Regular Day,N,,Summer,
176,2023-06-25,"June 25, 2023",6,176,Sunday,7,25,Week 25,June,6,FY2023,FY2023-06,Regular Day,N,,Summer,
177,2023-06-26,"June 26, 2023",6,177,Monday,1,26,Week 26,June,6,FY2023,FY2023-06,Regular Day,N,,Summer,
178,2023-06-27,"June 27, 2023",6,178,Tuesday,2,26,Week 26,June,6,FY2023,FY2023-06,Regular Day,N,,Summer,
179,2023-06-28,"June 28, 2023",6,179,Wednesday,3,26,Week 26,June,6,FY2023,FY2023-06,Regular Day,N,,Summer,
180,2023-06-29,"June 29, 2023",6,180,Thursday,4,26,Week 26,June,6,FY2023,FY2023-06,Regular Day,N,,Summer,
181,2023-06-30,"June 30, 2023",6,181,Friday,5,26,Week 26,June,6,FY2023,FY2023-06,Regular Day,N,,Summer,
182,2023-07-01,"July 01, 2023",7,182,Saturday,6,26,Week 26,July,7,FY2023,FY2023-07,Regular Day,N,,Summer,
183,2023-07-02,"July 02, 2023",7,183,Sunday,7,26,Week 26,July,7,FY2023,FY2023-07,Regular Day,N,,Summer,
184,2023-07-03,"July 03, 2023",7,184,Monday,1,27,Week 27,July,7,FY2023,FY2023-07,Regular Day,N,,Summer,
185,2023-07-04,"July 04, 2023",7,185,Tuesday,2,27,Week 27,July,7,FY2023,FY2023-07,Regular Day,N,,Summer,
186,2023-07-05,"July 05, 2023",7,186,Wednesday,3,27,Week 27,July,7,FY2023,FY2023-07,Regular Day,N,,Summer,
187,2023-07-06,"July 06, 2023",7,187,Thursday,4,27,Week 27,July,7,FY2023,FY2023-07,Regular Day,N,,Summer,
188,2023-07-07,"July 07, 2023",7,188,Friday,5,27,Week 27,July,7,FY2023,FY2023-07,Regular Day,N,,Summer,
189,2023-07-08,"July 08, 2023",7,189,Saturday,6,27,Week 27,July,7,FY2023,FY2023-07,Regular Day,N,,Summer,
190,2023-07-09,"July 09, 2023",7,190,Sunday,7,27,Week 27,July,7,FY2023,FY2023-07,Regular Day,N,,Summer,
191,2023-07-10,"July 10, 2023",7,191,Monday,1,28,Week 28,July,7,FY2023,FY2023-07,Regular Day,N,,Summer,
192,2023-07-11,"July 11, 2023",7,192,Tuesday,2,28,Week 28,July,7,FY2023,FY2023-07,Regular Day,N,,Summer,
193,2023-07-12,"July 12, 2023",7,193,Wednesday,3,28,Week 28,July,7,FY2023,FY2023-07,Regular Day,N,,Summer,
194,2023-07-13,"July 13, 2023",7,194,Thursday,4,28,Week 28,July,7,FY2023,FY2023-07,Regular Day,N,,Summer,
195,2023-07-14,"July 14, 2023",7,195,Friday,5,28,Week 28,July,7,FY2023,FY2023-07,Regular Day,N,,Summer,
196,2023-07-15,"July 15, 2023",7,196,Saturday,6,28,Week 28,July,7,FY2023,FY2023-07,Regular Day,N,,Summer,
197,2023-07-16,"July 16, 2023",7,197,Sunday,7,28,Week 28,July,7,FY2023,FY2023-07,Regular Day,N,,Summer,
198,2023-07-17,"July 17, 2023",7,198,Monday,1,29,Week 29,July,7,FY2023,FY2023-07,Regular Day,N,,Summer,
199,2023-07-18,"July 18, 2023",7,199,Tuesday,2,29,Week 29,July,7,FY2023,FY2023-07,Regular Day,N,,Summer,
200,2023-07-19,"July 19, 2023",7,200,Wednesday,3,29,Week 29,July,7,FY2023,FY2023-07,Regular Day,N,,Summer,
201,2023-07-20,"July 20, 2023",7,201,Thursday,4,29,Week 29,July,7,FY2023,FY2023-07,Regular Day,N,,Summer,
202,2023-07-21,"July 21, 2023",7,202,Friday,5,29,Week 29,July,7,FY2023,FY2023-07,Regular Day,N,,Summer,
203,2023-07-22,"July 22, 2023",7,203,Saturday,6,29,Week 29,July,7,FY2023,FY2023-07,Regular Day,N,,Summer,
204,2023-07-23,"July 23, 2023",7,204,Sunday,7,29,Week 29,July,7,FY2023,FY2023-07,Regular Day,N,,Summer,
205,2023-07-24,"July 24, 2023",7,205,Monday,1,30,Week 30,July,7,FY2023,FY2023-07,Regular Day,N,,Summer,
206,2023-07-25,"July 25, 2023",7,206,Tuesday,2,30,Week 30,July,7,FY2023,FY2023-07,Regular Day,N,,Summer,
207,2023-07-26,"July 26, 2023",7,207,Wednesday,3,30,Week 30,July,7,FY2023,FY2023-07,Regular Day,N,,Summer,
208,2023-07-27,"July 27, 2023",7,208,Thursday,4,30,Week 30,July,7,FY2023,FY2023-07,Regular Day,N,,Summer,
209,2023-07-28,"July 28, 2023",7,209,Friday,5,30,Week 30,July,7,FY2023,FY2023-07,Regular Day,N,,Summer,
210,2023-07-29,"July 29, 2023",7,210,Saturday,6,30,Week 30,July,7,FY2023,FY2023-07,Regular Day,N,,Summer,
211,2023-07-30,"July 30, 2023",7,211,Sunday,7,30,Week 30,July,7,FY2023,FY2023-07,Regular Day,N,,Summer,
212,2023-07-31,"July 31, 2023",7,212,Monday,1,31,Week 31,July,7,FY2023,FY2023-07,Regular Day,N,,Summer,
213,2023-08-01,"August 01, 2023",8,213,Tuesday,2,31,Week 31,August,8,FY2023,FY2023-08,Regular Day,N,,Summer,
214,2023-08-02,"August 02, 2023",8,214,Wednesday,3,31,Week 31,August,8,FY2023,FY2023-08,Regular Day,N,,Summer,
215,2023-08-03,"August 03, 2023",8,215,Thursday,4,31,Week 31,August,8,FY2023,FY2023-08,Regular Day,N,,Summer,
216,2023-08-04,"August 04, 2023",8,216,Friday,5,31,Week 31,August,8,FY2023,FY2023-08,Regular Day,N,,Summer,
217,2023-08-05,"August 05, 2023",8,217,Saturday,6,31,Week 31,August,8,FY2023,FY2023-08,Regular Day,N,,Summer,
218,2023-08-06,"August 06, 2023",8,218,Sunday,7,31,Week 31,August,8,FY2023,FY2023-08,Regular Day,N,,Summer,
219,2023-08-07,"August 07, 2023",8,219,Monday,1,32,Week 32,August,8,FY2023,FY2023-08,Regular Day,N,,Summer,
220,2023-08-08,"August 08, 2023",8,220,Tuesday,2,32,Week 32,August,8,FY2023,FY2023-08,Regular Day,N,,Summer,
221,2023-08-09,"August 09, 2023",8,221,Wednesday,3,32,Week 32,August,8,FY2023,FY2023-08,Regular Day,N,,Summer,
222,2023-08-10,"August 10, 2023",8,222,Thursday,4,32,Week 32,August,8,FY2023,FY2023-08,Regular Day,N,,Summer,
223,2023-08-11,"August 11, 2023",8,223,Friday,5,32,Week 32,August,8,FY2023,FY2023-08,Regular Day,N,,Summer,
224,2023-08-12,"August 12, 2023",8,224,Saturday,6,32,Week 32,August,8,FY2023,FY2023-08,Regular Day,N,,Summer,
225,2023-08-13,"August 13, 2023",8,225,Sunday,7,32,Week 32,August,8,FY2023,FY2023-08,Regular Day,N,,Summer,
226,2023-08-14,"August 14, 2023",8,226,Monday,1,33,Week 33,August,8,FY2023,FY2023-08,Regular Day,N,,Summer,
227,2023-08-15,"August 15, 2023",8,227,Tuesday,2,33,Week 33,August,8,FY2023,FY2023-08,Regular Day,N,,Summer,
228,2023-08-16,"August 16, 2023",8,228,Wednesday,3,33,Week 33,August,8,FY2023,FY2023-08,Regular Day,N,,Summer,
229,2023-08-17,"August 17, 2023",8,229,Thursday,4,33,Week 33,August,8,FY2023,FY2023-08,Regular Day,N,,Summer,
230,2023-08-18,"August 18, 2023",8,230,Friday,5,33,Week 33,August,8,FY2023,FY2023-08,Regular Day,N,,Summer,
231,2023-08-19,"August 19, 2023",8,231,Saturday,6,33,Week 33,August,8,FY2023,FY2023-08,Regular Day,N,,Summer,
232,2023-08-20,"August 20, 2023",8,232,Sunday,7,33,Week 33,August,8,FY2023,FY2023-08,Regular Day,N,,Summer,
233,2023-08-21,"August 21, 2023",8,233,Monday,1,34,Week 34,August,8,FY2023,FY2023-08,Regular Day,N,,Summer,
234,2023-08-22,"August 22, 2023",8,234,Tuesday,2,34,Week 34,August,8,FY2023,FY2023-08,Regular Day,N,,Summer,
235,2023-08-23,"August 23, 2023",8,235,Wednesday,3,34,Week 34,August,8,FY2023,FY2023-08,Regular Day,N,,Summer,
236,2023-08-24,"August 24, 2023",8,236,Thursday,4,34,Week 34,August,8,FY2023,FY2023-08,Regular Day,N,,Summer,
237,2023-08-25,"August 25, 2023",8,237,Friday,5,34,Week 34,August,8,FY2023,FY2023-08,Regular Day,N,,Summer,
238,2023-08-26,"August 26, 2023",8,238,Saturday,6,34,Week 34,August,8,FY2023,FY2023-08,Regular Day,N,,Summer,
239,2023-08-27,"August 27, 2023",8,239,Sunday,7,34,Week 34,August,8,FY2023,FY2023-08,Regular Day,N,,Summer,
240,2023-08-28,"August 28, 2023",8,240,Monday,1,35,Week 35,August,8,FY2023,FY2023-08,Regular Day,N,,Summer,
241,2023-08-29,"August 29, 2023",8,241,Tuesday,2,35,Week 35,August,8,FY2023,FY2023-08,Regular Day,N,,Summer,
242,2023-08-30,"August 30, 2023",8,242,Wednesday,3,35,Week 35,August,8,FY2023,FY2023-08,Regular Day,N,,Summer,
243,2023-08-31,"August 31, 2023",8,243,Thursday,4,35,Week 35,August,8,FY2023,FY2023-08,Regular Day,N,,Summer,
244,2023-09-01,"September 01, 2023",9,244,Friday,5,35,Week 35,September,9,FY2023,FY2023-09,Regular Day,N,,Fall,
245,2023-09-02,"September 02, 2023",9,245,Saturday,6,35,Week 35,September,9,FY2023,FY2023-09,Regular Day,N,,Fall,
246,2023-09-03,"September 03, 2023",9,246,Sunday,7,35,Week 35,September,9,FY2023,FY2023-09,Regular Day,N,,Fall,
247,2023-09-04,"September 04, 2023",9,247,Monday,1,36,Week 36,September,9,FY2023,FY2023-09,Regular Day,N,,Fall,
248,2023-09-05,"September 05, 2023",9,248,Tuesday,2,36,Week 36,September,9,FY2023,FY2023-09,Regular Day,N,,Fall,
249,2023-09-06,"September 06, 2023",9,249,Wednesday,3,36,Week 36,September,9,FY2023,FY2023-09,Regular Day,N,,Fall,
250,2023-09-07,"September 07, 2023",9,250,Thursday,4,36,Week 36,September,9,FY2023,FY2023-09,Regular Day,N,,Fall,
251,2023-09-08,"September 08, 2023",9,251,Friday,5,36,Week 36,September,9,FY2023,FY2023-09,Regular Day,N,,Fall,
252,2023-09-09,"September 09, 2023",9,252,Saturday,6,36,Week 36,September,9,FY2023,FY2023-09,Regular Day,N,,Fall,
253,2023-09-10,"September 10, 2023",9,253,Sunday,7,36,Week 36,September,9,FY2023,FY2023-09,Regular Day,N,,Fall,
254,2023-09-11,"September 11, 2023",9,254,Monday,1,37,Week 37,September,9,FY2023,FY2023-09,Regular Day,N,,Fall,
255,2023-09-12,"September 12, 2023",9,255,Tuesday,2,37,Week 37,September,9,FY2023,FY2023-09,Regular Day,N,,Fall,
256,2023-09-13,"September 13, 2023",9,256,Wednesday,3,37,Week 37,September,9,FY2023,FY2023-09,Regular Day,N,,Fall,
257,2023-09-14,"September 14, 2023",9,257,Thursday,4,37,Week 37,September,9,FY2023,FY2023-09,Regular Day,N,,Fall,
258,2023-09-15,"September 15, 2023",9,258,Friday,5,37,Week 37,September,9,FY2023,FY2023-09,Regular Day,N,,Fall,
259,2023-09-16,"September 16, 2023",9,259,Saturday,6,37,Week 37,September,9,FY2023,FY2023-09,Regular Day,N,,Fall,
260,2023-09-17,"September 17, 2023",9,260,Sunday,7,37,Week 37,September,9,FY2023,FY2023-09,Regular Day,N,,Fall,
261,2023-09-18,"September 18, 2023",9,261,Monday,1,38,Week 38,September,9,FY2023,FY2023-09,Regular Day,N,,Fall,
262,2023-09-19,"September 19, 2023",9,262,Tuesday,2,38,Week 38,September,9,FY2023,FY2023-09,Regular Day,N,,Fall,
263,2023-09-20,"September 20, 2023",9,263,Wednesday,3,38,Week 38,September,9,FY2023,FY2023-09,Regular Day,N,,Fall,
264,2023-09-21,"September 21, 2023",9,264,Thursday,4,38,Week 38,September,9,FY2023,FY2023-09,Regular Day,N,,Fall,
265,2023-09-22,"September 22, 2023",9,265,Friday,5,38,Week 38,September,9,FY2023,FY2023-09,Regular Day,N,,Fall,
266,2023-09-23,"September 23, 2023",9,266,Saturday,6,38,Week 38,September,9,FY2023,FY2023-09,Regular Day,N,,Fall,
267,2023-09-24,"September 24, 2023",9,267,Sunday,7,38,Week 38,September,9,FY2023,FY2023-09,Regular Day,N,,Fall,
268,2023-09-25,"September 25, 2023",9,268,Monday,1,39,Week 39,September,9,FY2023,FY2023-09,Regular Day,N,,Fall,
269,2023-09-26,"September 26, 2023",9,269,Tuesday,2,39,Week 39,September,9,FY2023,FY2023-09,Regular Day,N,,Fall,
270,2023-09-27,"September 27, 2023",9,270,Wednesday,3,39,Week 39,September,9,FY2023,FY2023-09,Regular Day,N,,Fall,
271,2023-09-28,"September 28, 2023",9,271,Thursday,4,39,Week 39,September,9,FY2023,FY2023-09,Regular Day,N,,Fall,
272,2023-09-29,"September 29, 2023",9,272,Friday,5,39,Week 39,September,9,FY2023,FY2023-09,Regular Day,N,,Fall,
273,2023-09-30,"September 30, 2023",9,273,Saturday,6,39,Week 39,September,9,FY2023,FY2023-09,Regular Day,N,,Fall,
274,2023-10-01,"October 01, 2023",10,274,Sunday,7,39,Week 39,October,10,FY2023,FY2023-10,Regular Day,N,,Fall,
275,2023-10-02,"October 02, 2023",10,275,Monday,1,40,Week 40,October,10,FY2023,FY2023-10,Regular Day,N,,Fall,
276,2023-10-03,"October 03, 2023",10,276,Tuesday,2,40,Week 40,October,10,FY2023,FY2023-10,Regular Day,N,,Fall,
277,2023-10-04,"October 04, 2023",10,277,Wednesday,3,40,Week 40,October,10,FY2023,FY2023-10,Regular Day,N,,Fall,
278,2023-10-05,"October 05, 2023",10,278,Thursday,4,40,Week 40,October,10,FY2023,FY2023-10,Regular Day,N,,Fall,
279,2023-10-06,"October 06, 2023",10,279,Friday,5,40,Week 40,October,10,FY2023,FY2023-10,Regular Day,N,,Fall,
280,2023-10-07,"October 07, 2023",10,280,Saturday,6,40,Week 40,October,10,FY2023,FY2023-10,Regular Day,N,,Fall,
281,2023-10-08,"October 08, 2023",10,281,Sunday,7,40,Week 40,October,10,FY2023,FY2023-10,Regular Day,N,,Fall,
282,2023-10-09,"October 09, 2023",10,282,Monday,1,41,Week 41,October,10,FY2023,FY2023-10,Regular Day,N,,Fall,
283,2023-10-10,"October 10, 2023",10,283,Tuesday,2,41,Week 41,October,10,FY2023,FY2023-10,Regular Day,N,,Fall,
284,2023-10-11,"October 11, 2023",10,284,Wednesday,3,41,Week 41,October,10,FY2023,FY2023-10,Regular Day,N,,Fall,
285,2023-10-12,"October 12, 2023",10,285,Thursday,4,41,Week 41,October,10,FY2023,FY2023-10,Regular Day,N,,Fall,
286,2023-10-13,"October 13, 2023",10,286,Friday,5,41,Week 41,October,10,FY2023,FY2023-10,Regular Day,N,,Fall,
287,2023-10-14,"October 14, 2023",10,287,Saturday,6,41,Week 41,October,10,FY2023,FY2023-10,Regular Day,N,,Fall,
288,2023-10-15,"October 15, 2023",10,288,Sunday,7,41,Week 41,October,10,FY2023,FY2023-10,Regular Day,N,,Fall,
289,2023-10-16,"October 16, 2023",10,289,Monday,1,42,Week 42,October,10,FY2023,FY2023-10,Regular Day,N,,Fall,
290,2023-10-17,"October 17, 2023",10,290,Tuesday,2,42,Week 42,October,10,FY2023,FY2023-10,Regular Day,N,,Fall,
291,2023-10-18,"October 18, 2023",10,291,Wednesday,3,42,Week 42,October,10,FY2023,FY2023-10,Regular Day,N,,Fall,
292,2023-10-19,"October 19, 2023",10,292,Thursday,4,42,Week 42,October,10,FY2023,FY2023-10,Regular Day,N,,Fall,
293,2023-10-20,"October 20, 2023",10,293,Friday,5,42,Week 42,October,10,FY2023,FY2023-10,Regular Day,N,,Fall,
294,2023-10-21,"October 21, 2023",10,294,Saturday,6,42,Week 42,October,10,FY2023,FY2023-10,Regular Day,N,,Fall,
295,2023-10-22,"October 22, 2023",10,295,Sunday,7,42,Week 42,October,10,FY2023,FY2023-10,Regular Day,N,,Fall,
296,2023-10-23,"October 23, 2023",10,296,Monday,1,43,Week 43,October,10,FY2023,FY2023-10,Regular Day,N,,Fall,
297,2023-10-24,"October 24, 2023",10,297,Tuesday,2,43,Week 43,October,10,FY2023,FY2023-10,Regular Day,N,,Fall,
298,2023-10-25,"October 25, 2023",10,298,Wednesday,3,43,Week 43,October,10,FY2023,FY2023-10,Regular Day,N,,Fall,
299,2023-10-26,"October 26, 2023",10,299,Thursday,4,43,Week 43,October,10,FY2023,FY2023-10,Regular Day,N,,Fall,
300,2023-10-27,"October 27, 2023",10,300,Friday,5,43,Week 43,October,10,FY2023,FY2023-10,Regular Day,N,,Fall,
301,2023-10-28,"October 28, 2023",10,301,Saturday,6,43,Week 43,October,10,FY2023,FY2023-10,Regular Day,N,,Fall,
302,2023-10-29,"October 29, 2023",10,302,Sunday,7,43,Week 43,October,10,FY2023,FY2023-10,Regular Day,N,,Fall,
303,2023-10-30,"October 30, 2023",10,303,Monday,1,44,Week 44,October,10,FY2023,FY2023-10,Regular Day,N,,Fall,
304,2023-10-31,"October 31, 2023",10,304,Tuesday,2,44,Week 44,October,10,FY2023,FY2023-10,Regular Day,N,,Fall,
305,2023-11-01,"November 01, 2023",11,305,Wednesday,3,44,Week 44,November,11,FY2023,FY2023-11,Regular Day,N,,Fall,
306,2023-11-02,"November 02, 2023",11,306,Thursday,4,44,Week 44,November,11,FY2023,FY2023-11,Regular Day,N,,Fall,
307,2023-11-03,"November 03, 2023",11,307,Friday,5,44,Week 44,November,11,FY2023,FY2023-11,Regular Day,N,,Fall,
308,2023-11-04,"November 04, 2023",11,308,Saturday,6,44,Week 44,November,11,FY2023,FY2023-11,Regular Day,N,,Fall,
309,2023-11-05,"November 05, 2023",11,309,Sunday,7,44,Week 44,November,11,FY2023,FY2023-11,Regular Day,N,,Fall,
310,2023-11-06,"November 06, 2023",11,310,Monday,1,45,Week 45,November,11,FY2023,FY2023-11,Regular Day,N,,Fall,
311,2023-11-07,"November 07, 2023",11,311,Tuesday,2,45,Week 45,November,11,FY2023,FY2023-11,Regular Day,N,,Fall,
312,2023-11-08,"November 08, 2023",11,312,Wednesday,3,45,Week 45,November,11,FY2023,FY2023-11,Regular Day,N,,Fall,
313,2023-11-09,"November 09, 2023",11,313,Thursday,4,45,Week 45,November,11,FY2023,FY2023-11,Regular Day,N,,Fall,
314,2023-11-10,"November 10, 2023",11,314,Friday,5,45,Week 45,November,11,FY2023,FY2023-11,Regular Day,N,,Fall,
315,2023-11-11,"November 11, 2023",11,315,Saturday,6,45,Week 45,November,11,FY2023,FY2023-11,Regular Day,N,,Fall,
316,2023-11-12,"November 12, 2023",11,316,Sunday,7,45,Week 45,November,11,FY2023,FY2023-11,Regular Day,N,,Fall,
317,2023-11-13,"November 13, 2023",11,317,Monday,1,46,Week 46,November,11,FY2023,FY2023-11,Regular Day,N,,Fall,
318,2023-11-14,"November 14, 2023",11,318,Tuesday,2,46,Week 46,November,11,FY2023,FY2023-11,Regular Day,N,,Fall,
319,2023-11-15,"November 15, 2023",11,319,Wednesday,3,46,Week 46,November,11,FY2023,FY2023-11,Regular Day,N,,Fall,
320,2023-11-16,"November 16, 2023",11,320,Thursday,4,46,Week 46,November,11,FY2023,FY2023-11,Regular Day,N,,Fall,
321,2023-11-17,"November 17, 2023",11,321,Friday,5,46,Week 46,November,11,FY2023,FY2023-11,Regular Day,N,,Fall,
322,2023-11-18,"November 18, 2023",11,322,Saturday,6,46,Week 46,November,11,FY2023,FY2023-11,Regular Day,N,,Fall,
323,2023-11-19,"November 19, 2023",11,323,Sunday,7,46,Week 46,November,11,FY2023,FY2023-11,Regular Day,N,,Fall,
324,2023-11-20,"November 20, 2023",11,324,Monday,1,47,Week 47,November,11,FY2023,FY2023-11,Regular Day,N,,Fall,
325,2023-11-21,"November 21, 2023",11,325,Tuesday,2,47,Week 47,November,11,FY2023,FY2023-11,Regular Day,N,,Fall,
326,2023-11-22,"November 22, 2023",11,326,Wednesday,3,47,Week 47,November,11,FY2023,FY2023-11,Regular Day,N,,Fall,
327,2023-11-23,"November 23, 2023",11,327,Thursday,4,47,Week 47,November,11,FY2023,FY2023-11,Regular Day,N,,Fall,
328,2023-11-24,"November 24, 2023",11,328,Friday,5,47,Week 47,November,11,FY2023,FY2023-11,Regular Day,N,,Fall,
329,2023-11-25,"November 25, 2023",11,329,Saturday,6,47,Week 47,November,11,FY2023,FY2023-11,Regular Day,N,,Fall,
330,2023-11-26,"November 26, 2023",11,330,Sunday,7,47,Week 47,November,11,FY2023,FY2023-11,Regular Day,N,,Fall,
331,2023-11-27,"November 27, 2023",11,331,Monday,1,48,Week 48,November,11,FY2023,FY2023-11,Regular Day,N,,Fall,
332,2023-11-28,"November 28, 2023",11,332,Tuesday,2,48,Week 48,November,11,FY2023,FY2023-11,Regular Day,N,,Fall,
333,2023-11-29,"November 29, 2023",11,333,Wednesday,3,48,Week 48,November,11,FY2023,FY2023-11,Regular Day,N,,Fall,
334,2023-11-30,"November 30, 2023",11,334,Thursday,4,48,Week 48,November,11,FY2023,FY2023-11,Regular Day,N,,Fall,
335,2023-12-01,"December 01, 2023",12,335,Friday,5,48,Week 48,December,12,FY2023,FY2023-12,Regular Day,N,,Winter,
336,2023-12-02,"December 02, 2023",12,336,Saturday,6,48,Week 48,December,12,FY2023,FY2023-12,Regular Day,N,,Winter,
337,2023-12-03,"December 03, 2023",12,337,Sunday,7,48,Week 48,December,12,FY2023,FY2023-12,Regular Day,N,,Winter,
338,2023-12-04,"December 04, 2023",12,338,Monday,1,49,Week 49,December,12,FY2023,FY2023-12,Regular Day,N,,Winter,
339,2023-12-05,"December 05, 2023",12,339,Tuesday,2,49,Week 49,December,12,FY2023,FY2023-12,Regular Day,N,,Winter,
340,2023-12-06,"December 06, 2023",12,340,Wednesday,3,49,Week 49,December,12,FY2023,FY2023-12,Regular Day,N,,Winter,
341,2023-12-07,"December 07, 2023",12,341,Thursday,4,49,Week 49,December,12,FY2023,FY2023-12,Regular Day,N,,Winter,
342,2023-12-08,"December 08, 2023",12,342,Friday,5,49,Week 49,December,12,FY2023,FY2023-12,Regular Day,N,,Winter,
343,2023-12-09,"December 09, 2023",12,343,Saturday,6,49,Week 49,December,12,FY2023,FY2023-12,Regular Day,N,,Winter,
344,2023-12-10,"December 10, 2023",12,344,Sunday,7,49,Week 49,December,12,FY2023,FY2023-12,Regular Day,N,,Winter,
345,2023-12-11,"December 11, 2023",12,345,Monday,1,50,Week 50,December,12,FY2023,FY2023-12,Regular Day,N,,Winter,
346,2023-12-12,"December 12, 2023",12,346,Tuesday,2,50,Week 50,December,12,FY2023,FY2023-12,Regular Day,N,,Winter,
347,2023-12-13,"December 13, 2023",12,347,Wednesday,3,50,Week 50,December,12,FY2023,FY2023-12,Regular Day,N,,Winter,
348,2023-12-14,"December 14, 2023",12,348,Thursday,4,50,Week 50,December,12,FY2023,FY2023-12,Regular Day,N,,Winter,
349,2023-12-15,"December 15, 2023",12,349,Friday,5,50,Week 50,December,12,FY2023,FY2023-12,Regular Day,N,,Winter,
350,2023-12-16,"December 16, 2023",12,350,Saturday,6,50,Week 50,December,12,FY2023,FY2023-12,Regular Day,N,,Winter,
351,2023-12-17,"December 17, 2023",12,351,Sunday,7,50,Week 50,December,12,FY2023,FY2023-12,Regular Day,N,,Winter,
352,2023-12-18,"December 18, 2023",12,352,Monday,1,51,Week 51,December,12,FY2023,FY2023-12,Regular Day,N,,Winter,
353,2023-12-19,"December 19, 2023",12,353,Tuesday,2,51,Week 51,December,12,FY2023,FY2023-12,Regular Day,N,,Winter,
354,2023-12-20,"December 20, 2023",12,354,Wednesday,3,51,Week 51,December,12,FY2023,FY2023-12,Regular Day,N,,Winter,
355,2023-12-21,"December 21, 2023",12,355,Thursday,4,51,Week 51,December,12,FY2023,FY2023-12,Regular Day,N,,Winter,
356,2023-12-22,"December 22, 2023",12,356,Friday,5,51,Week 51,December,12,FY2023,FY2023-12,Regular Day,N,,Winter,
357,2023-12-23,"December 23, 2023",12,357,Saturday,6,51,Week 51,December,12,FY2023,FY2023-12,Regular Day,N,,Winter,
358,2023-12-24,"December 24, 2023",12,358,Sunday,7,51,Week 51,December,12,FY2023,FY2023-12,Regular Day,N,,Winter,
359,2023-12-25,"December 25, 2023",12,359,Monday,1,52,Week 52,December,12,FY2023,FY2023-12,Regular Day,N,,Winter,
360,2023-12-26,"December 26, 2023",12,360,Tuesday,2,52,Week 52,December,12,FY2023,FY2023-12,Regular Day,N,,Winter,
361,2023-12-27,"December 27, 2023",12,361,Wednesday,3,52,Week 52,December,12,FY2023,FY2023-12,Regular Day,N,,Winter,
362,2023-12-28,"December 28, 2023",12,362,Thursday,4,52,Week 52,December,12,FY2023,FY2023-12,Regular Day,N,,Winter,
363,2023-12-29,"December 29, 2023",12,363,Friday,5,52,Week 52,December,12,FY2023,FY2023-12,Regular Day,N,,Winter,
364,2023-12-30,"December 30, 2023",12,364,Saturday,6,52,Week 52,December,12,FY2023,FY2023-12,Regular Day,N,,Winter,
365,2023-12-31,"December 31, 2023",12,365,Sunday,7,52,Week 52,December,12,FY2023,FY2023-12,Regular Day,N,,Winter,
366,2024-01-01,"January 01, 2024",1,366,Monday,1,1,Week 1,January,1,FY2024,FY2024-01,Regular Day,N,,Winter,
367,2024-01-02,"January 02, 2024",1,367,Tuesday,2,1,Week 1,January,1,FY2024,FY2024-01,Regular Day,N,,Winter,
368,2024-01-03,"January 03, 2024",1,368,Wednesday,3,1,Week 1,January,1,FY2024,FY2024-01,Regular Day,N,,Winter,
369,2024-01-04,"January 04, 2024",1,369,Thursday,4,1,Week 1,January,1,FY2024,FY2024-01,Regular Day,N,,Winter,
370,2024-01-05,"January 05, 2024",1,370,Friday,5,1,Week 1,January,1,FY2024,FY2024-01,Regular Day,N,,Winter,
371,2024-01-06,"January 06, 2024",1,371,Saturday,6,1,Week 1,January,1,FY2024,FY2024-01,Regular Day,N,,Winter,
372,2024-01-07,"January 07, 2024",1,372,Sunday,7,1,Week 1,January,1,FY2024,FY2024-01,Regular Day,N,,Winter,
373,2024-01-08,"January 08, 2024",1,373,Monday,1,2,Week 2,January,1,FY2024,FY2024-01,Regular Day,N,,Winter,
374,2024-01-09,"January 09, 2024",1,374,Tuesday,2,2,Week 2,January,1,FY2024,FY2024-01,Regular Day,N,,Winter,
375,2024-01-10,"January 10, 2024",1,375,Wednesday,3,2,Week 2,January,1,FY2024,FY2024-01,Regular Day,N,,Winter,
376,2024-01-11,"January 11, 2024",1,376,Thursday,4,2,Week 2,January,1,FY2024,FY2024-01,Regular Day,N,,Winter,
377,2024-01-12,"January 12, 2024",1,377,Friday,5,2,Week 2,January,1,FY2024,FY2024-01,Regular Day,N,,Winter,
378,2024-01-13,"January 13, 2024",1,378,Saturday,6,2,Week 2,January,1,FY2024,FY2024-01,Regular Day,N,,Winter,
379,2024-01-14,"January 14, 2024",1,379,Sunday,7,2,Week 2,January,1,FY2024,FY2024-01,Regular Day,N,,Winter,
380,2024-01-15,"January 15, 2024",1,380,Monday,1,3,Week 3,January,1,FY2024,FY2024-01,Regular Day,N,,Winter,
381,2024-01-16,"January 16, 2024",1,381,Tuesday,2,3,Week 3,January,1,FY2024,FY2024-01,Regular Day,N,,Winter,
382,2024-01-17,"January 17, 2024",1,382,Wednesday,3,3,Week 3,January,1,FY2024,FY2024-01,Regular Day,N,,Winter,
383,2024-01-18,"January 18, 2024",1,383,Thursday,4,3,Week 3,January,1,FY2024,FY2024-01,Regular Day,N,,Winter,
384,2024-01-19,"January 19, 2024",1,384,Friday,5,3,Week 3,January,1,FY2024,FY2024-01,Regular Day,N,,Winter,
385,2024-01-20,"January 20, 2024",1,385,Saturday,6,3,Week 3,January,1,FY2024,FY2024-01,Regular Day,N,,Winter,
386,2024-01-21,"January 21, 2024",1,386,Sunday,7,3,Week 3,January,1,FY2024,FY2024-01,Regular Day,N,,Winter,
387,2024-01-22,"January 22, 2024",1,387,Monday,1,4,Week 4,January,1,FY2024,FY2024-01,Regular Day,N,,Winter,
388,2024-01-23,"January 23, 2024",1,388,Tuesday,2,4,Week 4,January,1,FY2024,FY2024-01,Regular Day,N,,Winter,
389,2024-01-24,"January 24, 2024",1,389,Wednesday,3,4,Week 4,January,1,FY2024,FY2024-01,Regular Day,N,,Winter,
390,2024-01-25,"January 25, 2024",1,390,Thursday,4,4,Week 4,January,1,FY2024,FY2024-01,Regular Day,N,,Winter,
391,2024-01-26,"January 26, 2024",1,391,Friday,5,4,Week 4,January,1,FY2024,FY2024-01,Regular Day,N,,Winter,
392,2024-01-27,"January 27, 2024",1,392,Saturday,6,4,Week 4,January,1,FY2024,FY2024-01,Regular Day,N,,Winter,
393,2024-01-28,"January 28, 2024",1,393,Sunday,7,4,Week 4,January,1,FY2024,FY2024-01,Regular Day,N,,Winter,
394,2024-01-29,"January 29, 2024",1,394,Monday,1,5,Week 5,January,1,FY2024,FY2024-01,Regular Day,N,,Winter,
395,2024-01-30,"January 30, 2024",1,395,Tuesday,2,5,Week 5,January,1,FY2024,FY2024-01,Regular Day,N,,Winter,
396,2024-01-31,"January 31, 2024",1,396,Wednesday,3,5,Week 5,January,1,FY2024,FY2024-01,Regular Day,N,,Winter,
397,2024-02-01,"February 01, 2024",2,397,Thursday,4,5,Week 5,February,2,FY2024,FY2024-02,Regular Day,N,,Winter,
398,2024-02-02,"February 02, 2024",2,398,Friday,5,5,Week 5,February,2,FY2024,FY2024-02,Regular Day,N,,Winter,
399,2024-02-03,"February 03, 2024",2,399,Saturday,6,5,Week 5,February,2,FY2024,FY2024-02,Regular Day,N,,Winter,
400,2024-02-04,"February 04, 2024",2,400,Sunday,7,5,Week 5,February,2,FY2024,FY2024-02,Regular Day,N,,Winter,
401,2024-02-05,"February 05, 2024",2,401,Monday,1,6,Week 6,February,2,FY2024,FY2024-02,Regular Day,N,,Winter,
402,2024-02-06,"February 06, 2024",2,402,Tuesday,2,6,Week 6,February,2,FY2024,FY2024-02,Regular Day,N,,Winter,
403,2024-02-07,"February 07, 2024",2,403,Wednesday,3,6,Week 6,February,2,FY2024,FY2024-02,Regular Day,N,,Winter,
404,2024-02-08,"February 08, 2024",2,404,Thursday,4,6,Week 6,February,2,FY2024,FY2024-02,Regular Day,N,,Winter,
405,2024-02-09,"February 09, 2024",2,405,Friday,5,6,Week 6,February,2,FY2024,FY2024-02,Regular Day,N,,Winter,
406,2024-02-10,"February 10, 2024",2,406,Saturday,6,6,Week 6,February,2,FY2024,FY2024-02,Regular Day,N,,Winter,
407,2024-02-11,"February 11, 2024",2,407,Sunday,7,6,Week 6,February,2,FY2024,FY2024-02,Regular Day,N,,Winter,
408,2024-02-12,"February 12, 2024",2,408,Monday,1,7,Week 7,February,2,FY2024,FY2024-02,Regular Day,N,,Winter,
409,2024-02-13,"February 13, 2024",2,409,Tuesday,2,7,Week 7,February,2,FY2024,FY2024-02,Regular Day,N,,Winter,
410,2024-02-14,"February 14, 2024",2,410,Wednesday,3,7,Week 7,February,2,FY2024,FY2024-02,Regular Day,N,,Winter,
411,2024-02-15,"February 15, 2024",2,411,Thursday,4,7,Week 7,February,2,FY2024,FY2024-02,Regular Day,N,,Winter,
412,2024-02-16,"February 16, 2024",2,412,Friday,5,7,Week 7,February,2,FY2024,FY2024-02,Regular Day,N,,Winter,
413,2024-02-17,"February 17, 2024",2,413,Saturday,6,7,Week 7,February,2,FY2024,FY2024-02,Regular Day,N,,Winter,
414,2024-02-18,"February 18, 2024",2,414,Sunday,7,7,Week 7,February,2,FY2024,FY2024-02,Regular Day,N,,Winter,
415,2024-02-19,"February 19, 2024",2,415,Monday,1,8,Week 8,February,2,FY2024,FY2024-02,Regular Day,N,,Winter,
416,2024-02-20,"February 20, 2024",2,416,Tuesday,2,8,Week 8,February,2,FY2024,FY2024-02,Regular Day,N,,Winter,
417,2024-02-21,"February 21, 2024",2,417,Wednesday,3,8,Week 8,February,2,FY2024,FY2024-02,Regular Day,N,,Winter,
418,2024-02-22,"February 22, 2024",2,418,Thursday,4,8,Week 8,February,2,FY2024,FY2024-02,Regular Day,N,,Winter,
419,2024-02-23,"February 23, 2024",2,419,Friday,5,8,Week 8,February,2,FY2024,FY2024-02,Regular Day,N,,Winter,
420,2024-02-24,"February 24, 2024",2,420,Saturday,6,8,Week 8,February,2,FY2024,FY2024-02,Regular Day,N,,Winter,
421,2024-02-25,"February 25, 2024",2,421,Sunday,7,8,Week 8,February,2,FY2024,FY2024-02,Regular Day,N,,Winter,
422,2024-02-26,"February 26, 2024",2,422,Monday,1,9,Week 9,February,2,FY2024,FY2024-02,Regular Day,N,,Winter,
423,2024-02-27,"February 27, 2024",2,423,Tuesday,2,9,Week 9,February,2,FY2024,FY2024-02,Regular Day,N,,Winter,
424,2024-02-28,"February 28, 2024",2,424,Wednesday,3,9,Week 9,February,2,FY2024,FY2024-02,Regular Day,N,,Winter,
425,2024-02-29,"February 29, 2024",2,425,Thursday,4,9,Week 9,February,2,FY2024,FY2024-02,Regular Day,N,,Winter,
426,2024-03-01,"March 01, 2024",3,426,Friday,5,9,Week 9,March,3,FY2024,FY2024-03,Regular Day,N,,Spring,
427,2024-03-02,"March 02, 2024",3,427,Saturday,6,9,Week 9,March,3,FY2024,FY2024-03,Regular Day,N,,Spring,
428,2024-03-03,"March 03, 2024",3,428,Sunday,7,9,Week 9,March,3,FY2024,FY2024-03,Regular Day,N,,Spring,
429,2024-03-04,"March 04, 2024",3,429,Monday,1,10,Week 10,March,3,FY2024,FY2024-03,Regular Day,N,,Spring,
430,2024-03-05,"March 05, 2024",3,430,Tuesday,2,10,Week 10,March,3,FY2024,FY2024-03,Regular Day,N,,Spring,
431,2024-03-06,"March 06, 2024",3,431,Wednesday,3,10,Week 10,March,3,FY2024,FY2024-03,Regular Day,N,,Spring,
432,2024-03-07,"March 07, 2024",3,432,Thursday,4,10,Week 10,March,3,FY2024,FY2024-03,Regular Day,N,,Spring,
433,2024-03-08,"March 08, 2024",3,433,Friday,5,10,Week 10,March,3,FY2024,FY2024-03,Regular Day,N,,Spring,
434,2024-03-09,"March 09, 2024",3,434,Saturday,6,10,Week 10,March,3,FY2024,FY2024-03,Regular Day,N,,Spring,
435,2024-03-10,"March 10, 2024",3,435,Sunday,7,10,Week 10,March,3,FY2024,FY2024-03,Regular Day,N,,Spring,
436,2024-03-11,"March 11, 2024",3,436,Monday,1,11,Week 11,March,3,FY2024,FY2024-03,Regular Day,N,,Spring,
437,2024-03-12,"March 12, 2024",3,437,Tuesday,2,11,Week 11,March,3,FY2024,FY2024-03,Regular Day,N,,Spring,
438,2024-03-13,"March 13, 2024",3,438,Wednesday,3,11,Week 11,March,3,FY2024,FY2024-03,Regular Day,N,,Spring,
439,2024-03-14,"March 14, 2024",3,439,Thursday,4,11,Week 11,March,3,FY2024,FY2024-03,Regular Day,N,,Spring,
440,2024-03-15,"March 15, 2024",3,440,Friday,5,11,Week 11,March,3,FY2024,FY2024-03,Regular Day,N,,Spring,
441,2024-03-16,"March 16, 2024",3,441,Saturday,6,11,Week 11,March,3,FY2024,FY2024-03,Regular Day,N,,Spring,
442,2024-03-17,"March 17, 2024",3,442,Sunday,7,11,Week 11,March,3,FY2024,FY2024-03,Regular Day,N,,Spring,
443,2024-03-18,"March 18, 2024",3,443,Monday,1,12,Week 12,March,3,FY2024,FY2024-03,Regular Day,N,,Spring,
444,2024-03-19,"March 19, 2024",3,444,Tuesday,2,12,Week 12,March,3,FY2024,FY2024-03,Regular Day,N,,Spring,
445,2024-03-20,"March 20, 2024",3,445,Wednesday,3,12,Week 12,March,3,FY2024,FY2024-03,Regular Day,N,,Spring,
446,2024-03-21,"March 21, 2024",3,446,Thursday,4,12,Week 12,March,3,FY2024,FY2024-03,Regular Day,N,,Spring,
447,2024-03-22,"March 22, 2024",3,447,Friday,5,12,Week 12,March,3,FY2024,FY2024-03,Regular Day,N,,Spring,
448,2024-03-23,"March 23, 2024",3,448,Saturday,6,12,Week 12,March,3,FY2024,FY2024-03,Regular Day,N,,Spring,
449,2024-03-24,"March 24, 2024",3,449,Sunday,7,12,Week 12,March,3,FY2024,FY2024-03,Regular Day,N,,Spring,
450,2024-03-25,"March 25, 2024",3,450,Monday,1,13,Week 13,March,3,FY2024,FY2024-03,Regular Day,N,,Spring,
451,2024-03-26,"March 26, 2024",3,451,Tuesday,2,13,Week 13,March,3,FY2024,FY2024-03,Regular Day,N,,Spring,
452,2024-03-27,"March 27, 2024",3,452,Wednesday,3,13,Week 13,March,3,FY2024,FY2024-03,Regular Day,N,,Spring,
453,2024-03-28,"March 28, 2024",3,453,Thursday,4,13,Week 13,March,3,FY2024,FY2024-03,Regular Day,N,,Spring,
454,2024-03-29,"March 29, 2024",3,454,Friday,5,13,Week 13,March,3,FY2024,FY2024-03,Regular Day,N,,Spring,
455,2024-03-30,"March 30, 2024",3,455,Saturday,6,13,Week 13,March,3,FY2024,FY2024-03,Regular Day,N,,Spring,
456,2024-03-31,"March 31, 2024",3,456,Sunday,7,13,Week 13,March,3,FY2024,FY2024-03,Regular Day,N,,Spring,
457,2024-04-01,"April 01, 2024",4,457,Monday,1,14,Week 14,April,4,FY2024,FY2024-04,Regular Day,N,,Spring,
458,2024-04-02,"April 02, 2024",4,458,Tuesday,2,14,Week 14,April,4,FY2024,FY2024-04,Regular Day,N,,Spring,
459,2024-04-03,"April 03, 2024",4,459,Wednesday,3,14,Week 14,April,4,FY2024,FY2024-04,Regular Day,N,,Spring,
460,2024-04-04,"April 04, 2024",4,460,Thursday,4,14,Week 14,April,4,FY2024,FY2024-04,Regular Day,N,,Spring,
461,2024-04-05,"April 05, 2024",4,461,Friday,5,14,Week 14,April,4,FY2024,FY2024-04,Regular Day,N,,Spring,
462,2024-04-06,"April 06, 2024",4,462,Saturday,6,14,Week 14,April,4,FY2024,FY2024-04,Regular Day,N,,Spring,
463,2024-04-07,"April 07, 2024",4,463,Sunday,7,14,Week 14,April,4,FY2024,FY2024-04,Regular Day,N,,Spring,
464,2024-04-08,"April 08, 2024",4,464,Monday,1,15,Week 15,April,4,FY2024,FY2024-04,Regular Day,N,,Spring,
465,2024-04-09,"April 09, 2024",4,465,Tuesday,2,15,Week 15,April,4,FY2024,FY2024-04,Regular Day,N,,Spring,
466,2024-04-10,"April 10, 2024",4,466,Wednesday,3,15,Week 15,April,4,FY2024,FY2024-04,Regular Day,N,,Spring,
467,2024-04-11,"April 11, 2024",4,467,Thursday,4,15,Week 15,April,4,FY2024,FY2024-04,Regular Day,N,,Spring,
468,2024-04-12,"April 12, 2024",4,468,Friday,5,15,Week 15,April,4,FY2024,FY2024-04,Regular Day,N,,Spring,
469,2024-04-13,"April 13, 2024",4,469,Saturday,6,15,Week 15,April,4,FY2024,FY2024-04,Regular Day,N,,Spring,
470,2024-04-14,"April 14, 2024",4,470,Sunday,7,15,Week 15,April,4,FY2024,FY2024-04,Regular Day,N,,Spring,
471,2024-04-15,"April 15, 2024",4,471,Monday,1,16,Week 16,April,4,FY2024,FY2024-04,Regular Day,N,,Spring,
472,2024-04-16,"April 16, 2024",4,472,Tuesday,2,16,Week 16,April,4,FY2024,FY2024-04,Regular Day,N,,Spring,
473,2024-04-17,"April 17, 2024",4,473,Wednesday,3,16,Week 16,April,4,FY2024,FY2024-04,Regular Day,N,,Spring,
474,2024-04-18,"April 18, 2024",4,474,Thursday,4,16,Week 16,April,4,FY2024,FY2024-04,Regular Day,N,,Spring,
475,2024-04-19,"April 19, 2024",4,475,Friday,5,16,Week 16,April,4,FY2024,FY2024-04,Regular Day,N,,Spring,
476,2024-04-20,"April 20, 2024",4,476,Saturday,6,16,Week 16,April,4,FY2024,FY2024-04,Regular Day,N,,Spring,
477,2024-04-21,"April 21, 2024",4,477,Sunday,7,16,Week 16,April,4,FY2024,FY2024-04,Regular Day,N,,Spring,
478,2024-04-22,"April 22, 2024",4,478,Monday,1,17,Week 17,April,4,FY2024,FY2024-04,Regular Day,N,,Spring,
479,2024-04-23,"April 23, 2024",4,479,Tuesday,2,17,Week 17,April,4,FY2024,FY2024-04,Regular Day,N,,Spring,
480,2024-04-24,"April 24, 2024",4,480,Wednesday,3,17,Week 17,April,4,FY2024,FY2024-04,Regular Day,N,,Spring,
481,2024-04-25,"April 25, 2024",4,481,Thursday,4,17,Week 17,April,4,FY2024,FY2024-04,Regular Day,N,,Spring,
482,2024-04-26,"April 26, 2024",4,482,Friday,5,17,Week 17,April,4,FY2024,FY2024-04,Regular Day,N,,Spring,
483,2024-04-27,"April 27, 2024",4,483,Saturday,6,17,Week 17,April,4,FY2024,FY2024-04,Regular Day,N,,Spring,
484,2024-04-28,"April 28, 2024",4,484,Sunday,7,17,Week 17,April,4,FY2024,FY2024-04,Regular Day,N,,Spring,
485,2024-04-29,"April 29, 2024",4,485,Monday,1,18,Week 18,April,4,FY2024,FY2024-04,Regular Day,N,,Spring,
486,2024-04-30,"April 30, 2024",4,486,Tuesday,2,18,Week 18,April,4,FY2024,FY2024-04,Regular Day,N,,Spring,
487,2024-05-01,"May 01, 2024",5,487,Wednesday,3,18,Week 18,May,5,FY2024,FY2024-05,Regular Day,N,,Spring,
488,2024-05-02,"May 02, 2024",5,488,Thursday,4,18,Week 18,May,5,FY2024,FY2024-05,Regular Day,N,,Spring,
489,2024-05-03,"May 03, 2024",5,489,Friday,5,18,Week 18,May,5,FY2024,FY2024-05,Regular Day,N,,Spring,
490,2024-05-04,"May 04, 2024",5,490,Saturday,6,18,Week 18,May,5,FY2024,FY2024-05,Regular Day,N,,Spring,
491,2024-05-05,"May 05, 2024",5,491,Sunday,7,18,Week 18,May,5,FY2024,FY2024-05,Regular Day,N,,Spring,
492,2024-05-06,"May 06, 2024",5,492,Monday,1,19,Week 19,May,5,FY2024,FY2024-05,Regular Day,N,,Spring,
493,2024-05-07,"May 07, 2024",5,493,Tuesday,2,19,Week 19,May,5,FY2024,FY2024-05,Regular Day,N,,Spring,
494,2024-05-08,"May 08, 2024",5,494,Wednesday,3,19,Week 19,May,5,FY2024,FY2024-05,Regular Day,N,,Spring,
495,2024-05-09,"May 09, 2024",5,495,Thursday,4,19,Week 19,May,5,FY2024,FY2024-05,Regular Day,N,,Spring,
496,2024-05-10,"May 10, 2024",5,496,Friday,5,19,Week 19,May,5,FY2024,FY2024-05,Regular Day,N,,Spring,
497,2024-05-11,"May 11, 2024",5,497,Saturday,6,19,Week 19,May,5,FY2024,FY2024-05,Regular Day,N,,Spring,
498,2024-05-12,"May 12, 2024",5,498,Sunday,7,19,Week 19,May,5,FY2024,FY2024-05,Regular Day,N,,Spring,
499,2024-05-13,"May 13, 2024",5,499,Monday,1,20,Week 20,May,5,FY2024,FY2024-05,Regular Day,N,,Spring,
500,2024-05-14,"May 14, 2024",5,500,Tuesday,2,20,Week 20,May,5,FY2024,FY2024-05,Regular Day,N,,Spring,
501,2024-05-15,"May 15, 2024",5,501,Wednesday,3,20,Week 20,May,5,FY2024,FY2024-05,Regular Day,N,,Spring,
502,2024-05-16,"May 16, 2024",5,502,Thursday,4,20,Week 20,May,5,FY2024,FY2024-05,Regular Day,N,,Spring,
503,2024-05-17,"May 17, 2024",5,503,Friday,5,20,Week 20,May,5,FY2024,FY2024-05,Regular Day,N,,Spring,
504,2024-05-18,"May 18, 2024",5,504,Saturday,6,20,Week 20,May,5,FY2024,FY2024-05,Regular Day,N,,Spring,
505,2024-05-19,"May 19, 2024",5,505,Sunday,7,20,Week 20,May,5,FY2024,FY2024-05,Regular Day,N,,Spring,
506,2024-05-20,"May 20, 2024",5,506,Monday,1,21,Week 21,May,5,FY2024,FY2024-05,Regular Day,N,,Spring,
507,2024-05-21,"May 21, 2024",5,507,Tuesday,2,21,Week 21,May,5,FY2024,FY2024-05,Regular Day,N,,Spring,
508,2024-05-22,"May 22, 2024",5,508,Wednesday,3,21,Week 21,May,5,FY2024,FY2024-05,Regular Day,N,,Spring,
509,2024-05-23,"May 23, 2024",5,509,Thursday,4,21,Week 21,May,5,FY2024,FY2024-05,Regular Day,N,,Spring,
510,2024-05-24,"May 24, 2024",5,510,Friday,5,21,Week 21,May,5,FY2024,FY2024-05,Regular Day,N,,Spring,
511,2024-05-25,"May 25, 2024",5,511,Saturday,6,21,Week 21,May,5,FY2024,FY2024-05,Regular Day,N,,Spring,
512,2024-05-26,"May 26, 2024",5,512,Sunday,7,21,Week 21,May,5,FY2024,FY2024-05,Regular Day,N,,Spring,
513,2024-05-27,"May 27, 2024",5,513,Monday,1,22,Week 22,May,5,FY2024,FY2024-05,Regular Day,N,,Spring,
514,2024-05-28,"May 28, 2024",5,514,Tuesday,2,22,Week 22,May,5,FY2024,FY2024-05,Regular Day,N,,Spring,
515,2024-05-29,"May 29, 2024",5,515,Wednesday,3,22,Week 22,May,5,FY2024,FY2024-05,Regular Day,N,,Spring,
516,2024-05-30,"May 30, 2024",5,516,Thursday,4,22,Week 22,May,5,FY2024,FY2024-05,Regular Day,N,,Spring,
517,2024-05-31,"May 31, 2024",5,517,Friday,5,22,Week 22,May,5,FY2024,FY2024-05,Regular Day,N,,Spring,
518,2024-06-01,"June 01, 2024",6,518,Saturday,6,22,Week 22,June,6,FY2024,FY2024-06,Regular Day,N,,Summer,
519,2024-06-02,"June 02, 2024",6,519,Sunday,7,22,Week 22,June,6,FY2024,FY2024-06,Regular Day,N,,Summer,
520,2024-06-03,"June 03, 2024",6,520,Monday,1,23,Week 23,June,6,FY2024,FY2024-06,Regular Day,N,,Summer,
521,2024-06-04,"June 04, 2024",6,521,Tuesday,2,23,Week 23,June,6,FY2024,FY2024-06,Regular Day,N,,Summer,
522,2024-06-05,"June 05, 2024",6,522,Wednesday,3,23,Week 23,June,6,FY2024,FY2024-06,Regular Day,N,,Summer,
523,2024-06-06,"June 06, 2024",6,523,Thursday,4,23,Week 23,June,6,FY2024,FY2024-06,Regular Day,N,,Summer,
524,2024-06-07,"June 07, 2024",6,524,Friday,5,23,Week 23,June,6,FY2024,FY2024-06,Regular Day,N,,Summer,
525,2024-06-08,"June 08, 2024",6,525,Saturday,6,23,Week 23,June,6,FY2024,FY2024-06,Regular Day,N,,Summer,
526,2024-06-09,"June 09, 2024",6,526,Sunday,7,23,Week 23,June,6,FY2024,FY2024-06,Regular Day,N,,Summer,
527,2024-06-10,"June 10, 2024",6,527,Monday,1,24,Week 24,June,6,FY2024,FY2024-06,Regular Day,N,,Summer,
528,2024-06-11,"June 11, 2024",6,528,Tuesday,2,24,Week 24,June,6,FY2024,FY2024-06,Regular Day,N,,Summer,
529,2024-06-12,"June 12, 2024",6,529,Wednesday,3,24,Week 24,June,6,FY2024,FY2024-06,Regular Day,N,,Summer,
530,2024-06-13,"June 13, 2024",6,530,Thursday,4,24,Week 24,June,6,FY2024,FY2024-06,Regular Day,N,,Summer,
531,2024-06-14,"June 14, 2024",6,531,Friday,5,24,Week 24,June,6,FY2024,FY2024-06,Regular Day,N,,Summer,
532,2024-06-15,"June 15, 2024",6,532,Saturday,6,24,Week 24,June,6,FY2024,FY2024-06,Regular Day,N,,Summer,
533,2024-06-16,"June 16, 2024",6,533,Sunday,7,24,Week 24,June,6,FY2024,FY2024-06,Regular Day,N,,Summer,
534,2024-06-17,"June 17, 2024",6,534,Monday,1,25,Week 25,June,6,FY2024,FY2024-06,Regular Day,N,,Summer,
535,2024-06-18,"June 18, 2024",6,535,Tuesday,2,25,Week 25,June,6,FY2024,FY2024-06,Regular Day,N,,Summer,
536,2024-06-19,"June 19, 2024",6,536,Wednesday,3,25,Week 25,June,6,FY2024,FY2024-06,Regular Day,N,,Summer,
537,2024-06-20,"June 20, 2024",6,537,Thursday,4,25,Week 25,June,6,FY2024,FY2024-06,Regular Day,N,,Summer,
538,2024-06-21,"June 21, 2024",6,538,Friday,5,25,Week 25,June,6,FY2024,FY2024-06,Regular Day,N,,Summer,
539,2024-06-22,"June 22, 2024",6,539,Saturday,6,25,Week 25,June,6,FY2024,FY2024-06,Regular Day,N,,Summer,
540,2024-06-23,"June 23, 2024",6,540,Sunday,7,25,Week 25,June,6,FY2024,FY2024-06,Regular Day,N,,Summer,
541,2024-06-24,"June 24, 2024",6,541,Monday,1,26,Week 26,June,6,FY2024,FY2024-06,Regular Day,N,,Summer,
542,2024-06-25,"June 25, 2024",6,542,Tuesday,2,26,Week 26,June,6,FY2024,FY2024-06,Regular Day,N,,Summer,
543,2024-06-26,"June 26, 2024",6,543,Wednesday,3,26,Week 26,June,6,FY2024,FY2024-06,Regular Day,N,,Summer,
544,2024-06-27,"June 27, 2024",6,544,Thursday,4,26,Week 26,June,6,FY2024,FY2024-06,Regular Day,N,,Summer,
545,2024-06-28,"June 28, 2024",6,545,Friday,5,26,Week 26,June,6,FY2024,FY2024-06,Regular Day,N,,Summer,
546,2024-06-29,"June 29, 2024",6,546,Saturday,6,26,Week 26,June,6,FY2024,FY2024-06,Regular Day,N,,Summer,
547,2024-06-30,"June 30, 2024",6,547,Sunday,7,26,Week 26,June,6,FY2024,FY2024-06,Regular Day,N,,Summer,
548,2024-07-01,"July 01, 2024",7,548,Monday,1,27,Week 27,July,7,FY2024,FY2024-07,Regular Day,N,,Summer,
549,2024-07-02,"July 02, 2024",7,549,Tuesday,2,27,Week 27,July,7,FY2024,FY2024-07,Regular Day,N,,Summer,
550,2024-07-03,"July 03, 2024",7,550,Wednesday,3,27,Week 27,July,7,FY2024,FY2024-07,Regular Day,N,,Summer,
551,2024-07-04,"July 04, 2024",7,551,Thursday,4,27,Week 27,July,7,FY2024,FY2024-07,Regular Day,N,,Summer,
552,2024-07-05,"July 05, 2024",7,552,Friday,5,27,Week 27,July,7,FY2024,FY2024-07,Regular Day,N,,Summer,
553,2024-07-06,"July 06, 2024",7,553,Saturday,6,27,Week 27,July,7,FY2024,FY2024-07,Regular Day,N,,Summer,
554,2024-07-07,"July 07, 2024",7,554,Sunday,7,27,Week 27,July,7,FY2024,FY2024-07,Regular Day,N,,Summer,
555,2024-07-08,"July 08, 2024",7,555,Monday,1,28,Week 28,July,7,FY2024,FY2024-07,Regular Day,N,,Summer,
556,2024-07-09,"July 09, 2024",7,556,Tuesday,2,28,Week 28,July,7,FY2024,FY2024-07,Regular Day,N,,Summer,
557,2024-07-10,"July 10, 2024",7,557,Wednesday,3,28,Week 28,July,7,FY2024,FY2024-07,Regular Day,N,,Summer,
558,2024-07-11,"July 11, 2024",7,558,Thursday,4,28,Week 28,July,7,FY2024,FY2024-07,Regular Day,N,,Summer,
559,2024-07-12,"July 12, 2024",7,559,Friday,5,28,Week 28,July,7,FY2024,FY2024-07,Regular Day,N,,Summer,
560,2024-07-13,"July 13, 2024",7,560,Saturday,6,28,Week 28,July,7,FY2024,FY2024-07,Regular Day,N,,Summer,
561,2024-07-14,"July 14, 2024",7,561,Sunday,7,28,Week 28,July,7,FY2024,FY2024-07,Regular Day,N,,Summer,
562,2024-07-15,"July 15, 2024",7,562,Monday,1,29,Week 29,July,7,FY2024,FY2024-07,Regular Day,N,,Summer,
563,2024-07-16,"July 16, 2024",7,563,Tuesday,2,29,Week 29,July,7,FY2024,FY2024-07,Regular Day,N,,Summer,
564,2024-07-17,"July 17, 2024",7,564,Wednesday,3,29,Week 29,July,7,FY2024,FY2024-07,Regular Day,N,,Summer,
565,2024-07-18,"July 18, 2024",7,565,Thursday,4,29,Week 29,July,7,FY2024,FY2024-07,Regular Day,N,,Summer,
566,2024-07-19,"July 19, 2024",7,566,Friday,5,29,Week 29,July,7,FY2024,FY2024-07,Regular Day,N,,Summer,
567,2024-07-20,"July 20, 2024",7,567,Saturday,6,29,Week 29,July,7,FY2024,FY2024-07,Regular Day,N,,Summer,
568,2024-07-21,"July 21, 2024",7,568,Sunday,7,29,Week 29,July,7,FY2024,FY2024-07,Regular Day,N,,Summer,
569,2024-07-22,"July 22, 2024",7,569,Monday,1,30,Week 30,July,7,FY2024,FY2024-07,Regular Day,N,,Summer,
570,2024-07-23,"July 23, 2024",7,570,Tuesday,2,30,Week 30,July,7,FY2024,FY2024-07,Regular Day,N,,Summer,
571,2024-07-24,"July 24, 2024",7,571,Wednesday,3,30,Week 30,July,7,FY2024,FY2024-07,Regular Day,N,,Summer,
572,2024-07-25,"July 25, 2024",7,572,Thursday,4,30,Week 30,July,7,FY2024,FY2024-07,Regular Day,N,,Summer,
573,2024-07-26,"July 26, 2024",7,573,Friday,5,30,Week 30,July,7,FY2024,FY2024-07,Regular Day,N,,Summer,
574,2024-07-27,"July 27, 2024",7,574,Saturday,6,30,Week 30,July,7,FY2024,FY2024-07,Regular Day,N,,Summer,
575,2024-07-28,"July 28, 2024",7,575,Sunday,7,30,Week 30,July,7,FY2024,FY2024-07,Regular Day,N,,Summer,
576,2024-07-29,"July 29, 2024",7,576,Monday,1,31,Week 31,July,7,FY2024,FY2024-07,Regular Day,N,,Summer,
577,2024-07-30,"July 30, 2024",7,577,Tuesday,2,31,Week 31,July,7,FY2024,FY2024-07,Regular Day,N,,Summer,
578,2024-07-31,"July 31, 2024",7,578,Wednesday,3,31,Week 31,July,7,FY2024,FY2024-07,Regular Day,N,,Summer,
579,2024-08-01,"August 01, 2024",8,579,Thursday,4,31,Week 31,August,8,FY2024,FY2024-08,Regular Day,N,,Summer,
580,2024-08-02,"August 02, 2024",8,580,Friday,5,31,Week 31,August,8,FY2024,FY2024-08,Regular Day,N,,Summer,
581,2024-08-03,"August 03, 2024",8,581,Saturday,6,31,Week 31,August,8,FY2024,FY2024-08,Regular Day,N,,Summer,
582,2024-08-04,"August 04, 2024",8,582,Sunday,7,31,Week 31,August,8,FY2024,FY2024-08,Regular Day,N,,Summer,
583,2024-08-05,"August 05, 2024",8,583,Monday,1,32,Week 32,August,8,FY2024,FY2024-08,Regular Day,N,,Summer,
584,2024-08-06,"August 06, 2024",8,584,Tuesday,2,32,Week 32,August,8,FY2024,FY2024-08,Regular Day,N,,Summer,
585,2024-08-07,"August 07, 2024",8,585,Wednesday,3,32,Week 32,August,8,FY2024,FY2024-08,Regular Day,N,,Summer,
586,2024-08-08,"August 08, 2024",8,586,Thursday,4,32,Week 32,August,8,FY2024,FY2024-08,Regular Day,N,,Summer,
587,2024-08-09,"August 09, 2024",8,587,Friday,5,32,Week 32,August,8,FY2024,FY2024-08,Regular Day,N,,Summer,
588,2024-08-10,"August 10, 2024",8,588,Saturday,6,32,Week 32,August,8,FY2024,FY2024-08,Regular Day,N,,Summer,
589,2024-08-11,"August 11, 2024",8,589,Sunday,7,32,Week 32,August,8,FY2024,FY2024-08,Regular Day,N,,Summer,
590,2024-08-12,"August 12, 2024",8,590,Monday,1,33,Week 33,August,8,FY2024,FY2024-08,Regular Day,N,,Summer,
591,2024-08-13,"August 13, 2024",8,591,Tuesday,2,33,Week 33,August,8,FY2024,FY2024-08,Regular Day,N,,Summer,
592,2024-08-14,"August 14, 2024",8,592,Wednesday,3,33,Week 33,August,8,FY2024,FY2024-08,Regular Day,N,,Summer,
593,2024-08-15,"August 15, 2024",8,593,Thursday,4,33,Week 33,August,8,FY2024,FY2024-08,Regular Day,N,,Summer,
594,2024-08-16,"August 16, 2024",8,594,Friday,5,33,Week 33,August,8,FY2024,FY2024-08,Regular Day,N,,Summer,
595,2024-08-17,"August 17, 2024",8,595,Saturday,6,33,Week 33,August,8,FY2024,FY2024-08,Regular Day,N,,Summer,
596,2024-08-18,"August 18, 2024",8,596,Sunday,7,33,Week 33,August,8,FY2024,FY2024-08,Regular Day,N,,Summer,
597,2024-08-19,"August 19, 2024",8,597,Monday,1,34,Week 34,August,8,FY2024,FY2024-08,Regular Day,N,,Summer,
598,2024-08-20,"August 20, 2024",8,598,Tuesday,2,34,Week 34,August,8,FY2024,FY2024-08,Regular Day,N,,Summer,
599,2024-08-21,"August 21, 2024",8,599,Wednesday,3,34,Week 34,August,8,FY2024,FY2024-08,Regular Day,N,,Summer,
600,2024-08-22,"August 22, 2024",8,600,Thursday,4,34,Week 34,August,8,FY2024,FY2024-08,Regular Day,N,,Summer,
601,2024-08-23,"August 23, 2024",8,601,Friday,5,34,Week 34,August,8,FY2024,FY2024-08,Regular Day,N,,Summer,
602,2024-08-24,"August 24, 2024",8,602,Saturday,6,34,Week 34,August,8,FY2024,FY2024-08,Regular Day,N,,Summer,
603,2024-08-25,"August 25, 2024",8,603,Sunday,7,34,Week 34,August,8,FY2024,FY2024-08,Regular Day,N,,Summer,
604,2024-08-26,"August 26, 2024",8,604,Monday,1,35,Week 35,August,8,FY2024,FY2024-08,Regular Day,N,,Summer,
605,2024-08-27,"August 27, 2024",8,605,Tuesday,2,35,Week 35,August,8,FY2024,FY2024-08,Regular Day,N,,Summer,
606,2024-08-28,"August 28, 2024",8,606,Wednesday,3,35,Week 35,August,8,FY2024,FY2024-08,Regular Day,N,,Summer,
607,2024-08-29,"August 29, 2024",8,607,Thursday,4,35,Week 35,August,8,FY2024,FY2024-08,Regular Day,N,,Summer,
608,2024-08-30,"August 30, 2024",8,608,Friday,5,35,Week 35,August,8,FY2024,FY2024-08,Regular Day,N,,Summer,
609,2024-08-31,"August 31, 2024",8,609,Saturday,6,35,Week 35,August,8,FY2024,FY2024-08,Regular Day,N,,Summer,
610,2024-09-01,"September 01, 2024",9,610,Sunday,7,35,Week 35,September,9,FY2024,FY2024-09,Regular Day,N,,Fall,
611,2024-09-02,"September 02, 2024",9,611,Monday,1,36,Week 36,September,9,FY2024,FY2024-09,Regular Day,N,,Fall,
612,2024-09-03,"September 03, 2024",9,612,Tuesday,2,36,Week 36,September,9,FY2024,FY2024-09,Regular Day,N,,Fall,
613,2024-09-04,"September 04, 2024",9,613,Wednesday,3,36,Week 36,September,9,FY2024,FY2024-09,Regular Day,N,,Fall,
614,2024-09-05,"September 05, 2024",9,614,Thursday,4,36,Week 36,September,9,FY2024,FY2024-09,Regular Day,N,,Fall,
615,2024-09-06,"September 06, 2024",9,615,Friday,5,36,Week 36,September,9,FY2024,FY2024-09,Regular Day,N,,Fall,
616,2024-09-07,"September 07, 2024",9,616,Saturday,6,36,Week 36,September,9,FY2024,FY2024-09,Regular Day,N,,Fall,
617,2024-09-08,"September 08, 2024",9,617,Sunday,7,36,Week 36,September,9,FY2024,FY2024-09,Regular Day,N,,Fall,
618,2024-09-09,"September 09, 2024",9,618,Monday,1,37,Week 37,September,9,FY2024,FY2024-09,Regular Day,N,,Fall,
619,2024-09-10,"September 10, 2024",9,619,Tuesday,2,37,Week 37,September,9,FY2024,FY2024-09,Regular Day,N,,Fall,
620,2024-09-11,"September 11, 2024",9,620,Wednesday,3,37,Week 37,September,9,FY2024,FY2024-09,Regular Day,N,,Fall,
621,2024-09-12,"September 12, 2024",9,621,Thursday,4,37,Week 37,September,9,FY2024,FY2024-09,Regular Day,N,,Fall,
622,2024-09-13,"September 13, 2024",9,622,Friday,5,37,Week 37,September,9,FY2024,FY2024-09,Regular Day,N,,Fall,
623,2024-09-14,"September 14, 2024",9,623,Saturday,6,37,Week 37,September,9,FY2024,FY2024-09,Regular Day,N,,Fall,
624,2024-09-15,"September 15, 2024",9,624,Sunday,7,37,Week 37,September,9,FY2024,FY2024-09,Regular Day,N,,Fall,
625,2024-09-16,"September 16, 2024",9,625,Monday,1,38,Week 38,September,9,FY2024,FY2024-09,Regular Day,N,,Fall,
626,2024-09-17,"September 17, 2024",9,626,Tuesday,2,38,Week 38,September,9,FY2024,FY2024-09,Regular Day,N,,Fall,
627,2024-09-18,"September 18, 2024",9,627,Wednesday,3,38,Week 38,September,9,FY2024,FY2024-09,Regular Day,N,,Fall,
628,2024-09-19,"September 19, 2024",9,628,Thursday,4,38,Week 38,September,9,FY2024,FY2024-09,Regular Day,N,,Fall,
629,2024-09-20,"September 20, 2024",9,629,Friday,5,38,Week 38,September,9,FY2024,FY2024-09,Regular Day,N,,Fall,
630,2024-09-21,"September 21, 2024",9,630,Saturday,6,38,Week 38,September,9,FY2024,FY2024-09,Regular Day,N,,Fall,
631,2024-09-22,"September 22, 2024",9,631,Sunday,7,38,Week 38,September,9,FY2024,FY2024-09,Regular Day,N,,Fall,
632,2024-09-23,"September 23, 2024",9,632,Monday,1,39,Week 39,September,9,FY2024,FY2024-09,Regular Day,N,,Fall,
633,2024-09-24,"September 24, 2024",9,633,Tuesday,2,39,Week 39,September,9,FY2024,FY2024-09,Regular Day,N,,Fall,
634,2024-09-25,"September 25, 2024",9,634,Wednesday,3,39,Week 39,September,9,FY2024,FY2024-09,Regular Day,N,,Fall,
635,2024-09-26,"September 26, 2024",9,635,Thursday,4,39,Week 39,September,9,FY2024,FY2024-09,Regular Day,N,,Fall,
636,2024-09-27,"September 27, 2024",9,636,Friday,5,39,Week 39,September,9,FY2024,FY2024-09,Regular Day,N,,Fall,
637,2024-09-28,"September 28, 2024",9,637,Saturday,6,39,Week 39,September,9,FY2024,FY2024-09,Regular Day,N,,Fall,
638,2024-09-29,"September 29, 2024",9,638,Sunday,7,39,Week 39,September,9,FY2024,FY2024-09,Regular Day,N,,Fall,
639,2024-09-30,"September 30, 2024",9,639,Monday,1,40,Week 40,September,9,FY2024,FY2024-09,Regular Day,N,,Fall,
640,2024-10-01,"October 01, 2024",10,640,Tuesday,2,40,Week 40,October,10,FY2024,FY2024-10,Regular Day,N,,Fall,
641,2024-10-02,"October 02, 2024",10,641,Wednesday,3,40,Week 40,October,10,FY2024,FY2024-10,Regular Day,N,,Fall,
642,2024-10-03,"October 03, 2024",10,642,Thursday,4,40,Week 40,October,10,FY2024,FY2024-10,Regular Day,N,,Fall,
643,2024-10-04,"October 04, 2024",10,643,Friday,5,40,Week 40,October,10,FY2024,FY2024-10,Regular Day,N,,Fall,
644,2024-10-05,"October 05, 2024",10,644,Saturday,6,40,Week 40,October,10,FY2024,FY2024-10,Regular Day,N,,Fall,
645,2024-10-06,"October 06, 2024",10,645,Sunday,7,40,Week 40,October,10,FY2024,FY2024-10,Regular Day,N,,Fall,
646,2024-10-07,"October 07, 2024",10,646,Monday,1,41,Week 41,October,10,FY2024,FY2024-10,Regular Day,N,,Fall,
647,2024-10-08,"October 08, 2024",10,647,Tuesday,2,41,Week 41,October,10,FY2024,FY2024-10,Regular Day,N,,Fall,
648,2024-10-09,"October 09, 2024",10,648,Wednesday,3,41,Week 41,October,10,FY2024,FY2024-10,Regular Day,N,,Fall,
649,2024-10-10,"October 10, 2024",10,649,Thursday,4,41,Week 41,October,10,FY2024,FY2024-10,Regular Day,N,,Fall,
650,2024-10-11,"October 11, 2024",10,650,Friday,5,41,Week 41,October,10,FY2024,FY2024-10,Regular Day,N,,Fall,
651,2024-10-12,"October 12, 2024",10,651,Saturday,6,41,Week 41,October,10,FY2024,FY2024-10,Regular Day,N,,Fall,
652,2024-10-13,"October 13, 2024",10,652,Sunday,7,41,Week 41,October,10,FY2024,FY2024-10,Regular Day,N,,Fall,
653,2024-10-14,"October 14, 2024",10,653,Monday,1,42,Week 42,October,10,FY2024,FY2024-10,Regular Day,N,,Fall,
654,2024-10-15,"October 15, 2024",10,654,Tuesday,2,42,Week 42,October,10,FY2024,FY2024-10,Regular Day,N,,Fall,
655,2024-10-16,"October 16, 2024",10,655,Wednesday,3,42,Week 42,October,10,FY2024,FY2024-10,Regular Day,N,,Fall,
656,2024-10-17,"October 17, 2024",10,656,Thursday,4,42,Week 42,October,10,FY2024,FY2024-10,Regular Day,N,,Fall,
657,2024-10-18,"October 18, 2024",10,657,Friday,5,42,Week 42,October,10,FY2024,FY2024-10,Regular Day,N,,Fall,
658,2024-10-19,"October 19, 2024",10,658,Saturday,6,42,Week 42,October,10,FY2024,FY2024-10,Regular Day,N,,Fall,
659,2024-10-20,"October 20, 2024",10,659,Sunday,7,42,Week 42,October,10,FY2024,FY2024-10,Regular Day,N,,Fall,
660,2024-10-21,"October 21, 2024",10,660,Monday,1,43,Week 43,October,10,FY2024,FY2024-10,Regular Day,N,,Fall,
661,2024-10-22,"October 22, 2024",10,661,Tuesday,2,43,Week 43,October,10,FY2024,FY2024-10,Regular Day,N,,Fall,
662,2024-10-23,"October 23, 2024",10,662,Wednesday,3,43,Week 43,October,10,FY2024,FY2024-10,Regular Day,N,,Fall,
663,2024-10-24,"October 24, 2024",10,663,Thursday,4,43,Week 43,October,10,FY2024,FY2024-10,Regular Day,N,,Fall,
664,2024-10-25,"October 25, 2024",10,664,Friday,5,43,Week 43,October,10,FY2024,FY2024-10,Regular Day,N,,Fall,
665,2024-10-26,"October 26, 2024",10,665,Saturday,6,43,Week 43,October,10,FY2024,FY2024-10,Regular Day,N,,Fall,
666,2024-10-27,"October 27, 2024",10,666,Sunday,7,43,Week 43,October,10,FY2024,FY2024-10,Regular Day,N,,Fall,
667,2024-10-28,"October 28, 2024",10,667,Monday,1,44,Week 44,October,10,FY2024,FY2024-10,Regular Day,N,,Fall,
668,2024-10-29,"October 29, 2024",10,668,Tuesday,2,44,Week 44,October,10,FY2024,FY2024-10,Regular Day,N,,Fall,
669,2024-10-30,"October 30, 2024",10,669,Wednesday,3,44,Week 44,October,10,FY2024,FY2024-10,Regular Day,N,,Fall,
670,2024-10-31,"October 31, 2024",10,670,Thursday,4,44,Week 44,October,10,FY2024,FY2024-10,Regular Day,N,,Fall,
671,2024-11-01,"November 01, 2024",11,671,Friday,5,44,Week 44,November,11,FY2024,FY2024-11,Regular Day,N,,Fall,
672,2024-11-02,"November 02, 2024",11,672,Saturday,6,44,Week 44,November,11,FY2024,FY2024-11,Regular Day,N,,Fall,
673,2024-11-03,"November 03, 2024",11,673,Sunday,7,44,Week 44,November,11,FY2024,FY2024-11,Regular Day,N,,Fall,
674,2024-11-04,"November 04, 2024",11,674,Monday,1,45,Week 45,November,11,FY2024,FY2024-11,Regular Day,N,,Fall,
675,2024-11-05,"November 05, 2024",11,675,Tuesday,2,45,Week 45,November,11,FY2024,FY2024-11,Regular Day,N,,Fall,
676,2024-11-06,"November 06, 2024",11,676,Wednesday,3,45,Week 45,November,11,FY2024,FY2024-11,Regular Day,N,,Fall,
677,2024-11-07,"November 07, 2024",11,677,Thursday,4,45,Week 45,November,11,FY2024,FY2024-11,Regular Day,N,,Fall,
678,2024-11-08,"November 08, 2024",11,678,Friday,5,45,Week 45,November,11,FY2024,FY2024-11,Regular Day,N,,Fall,
679,2024-11-09,"November 09, 2024",11,679,Saturday,6,45,Week 45,November,11,FY2024,FY2024-11,Regular Day,N,,Fall,
680,2024-11-10,"November 10, 2024",11,680,Sunday,7,45,Week 45,November,11,FY2024,FY2024-11,Regular Day,N,,Fall,
681,2024-11-11,"November 11, 2024",11,681,Monday,1,46,Week 46,November,11,FY2024,FY2024-11,Regular Day,N,,Fall,
682,2024-11-12,"November 12, 2024",11,682,Tuesday,2,46,Week 46,November,11,FY2024,FY2024-11,Regular Day,N,,Fall,
683,2024-11-13,"November 13, 2024",11,683,Wednesday,3,46,Week 46,November,11,FY2024,FY2024-11,Regular Day,N,,Fall,
684,2024-11-14,"November 14, 2024",11,684,Thursday,4,46,Week 46,November,11,FY2024,FY2024-11,Regular Day,N,,Fall,
685,2024-11-15,"November 15, 2024",11,685,Friday,5,46,Week 46,November,11,FY2024,FY2024-11,Regular Day,N,,Fall,
686,2024-11-16,"November 16, 2024",11,686,Saturday,6,46,Week 46,November,11,FY2024,FY2024-11,Regular Day,N,,Fall,
687,2024-11-17,"November 17, 2024",11,687,Sunday,7,46,Week 46,November,11,FY2024,FY2024-11,Regular Day,N,,Fall,
688,2024-11-18,"November 18, 2024",11,688,Monday,1,47,Week 47,November,11,FY2024,FY2024-11,Regular Day,N,,Fall,
689,2024-11-19,"November 19, 2024",11,689,Tuesday,2,47,Week 47,November,11,FY2024,FY2024-11,Regular Day,N,,Fall,
690,2024-11-20,"November 20, 2024",11,690,Wednesday,3,47,Week 47,November,11,FY2024,FY2024-11,Regular Day,N,,Fall,
691,2024-11-21,"November 21, 2024",11,691,Thursday,4,47,Week 47,November,11,FY2024,FY2024-11,Regular Day,N,,Fall,
692,2024-11-22,"November 22, 2024",11,692,Friday,5,47,Week 47,November,11,FY2024,FY2024-11,Regular Day,N,,Fall,
693,2024-11-23,"November 23, 2024",11,693,Saturday,6,47,Week 47,November,11,FY2024,FY2024-11,Regular Day,N,,Fall,
694,2024-11-24,"November 24, 2024",11,694,Sunday,7,47,Week 47,November,11,FY2024,FY2024-11,Regular Day,N,,Fall,
695,2024-11-25,"November 25, 2024",11,695,Monday,1,48,Week 48,November,11,FY2024,FY2024-11,Regular Day,N,,Fall,
696,2024-11-26,"November 26, 2024",11,696,Tuesday,2,48,Week 48,November,11,FY2024,FY2024-11,Regular Day,N,,Fall,
697,2024-11-27,"November 27, 2024",11,697,Wednesday,3,48,Week 48,November,11,FY2024,FY2024-11,Regular Day,N,,Fall,
698,2024-11-28,"November 28, 2024",11,698,Thursday,4,48,Week 48,November,11,FY2024,FY2024-11,Regular Day,N,,Fall,
699,2024-11-29,"November 29, 2024",11,699,Friday,5,48,Week 48,November,11,FY2024,FY2024-11,Regular Day,N,,Fall,
700,2024-11-30,"November 30, 2024",11,700,Saturday,6,48,Week 48,November,11,FY2024,FY2024-11,Regular Day,N,,Fall,
701,2024-12-01,"December 01, 2024",12,701,Sunday,7,48,Week 48,December,12,FY2024,FY2024-12,Regular Day,N,,Winter,
702,2024-12-02,"December 02, 2024",12,702,Monday,1,49,Week 49,December,12,FY2024,FY2024-12,Regular Day,N,,Winter,
703,2024-12-03,"December 03, 2024",12,703,Tuesday,2,49,Week 49,December,12,FY2024,FY2024-12,Regular Day,N,,Winter,
704,2024-12-04,"December 04, 2024",12,704,Wednesday,3,49,Week 49,December,12,FY2024,FY2024-12,Regular Day,N,,Winter,
705,2024-12-05,"December 05, 2024",12,705,Thursday,4,49,Week 49,December,12,FY2024,FY2024-12,Regular Day,N,,Winter,
706,2024-12-06,"December 06, 2024",12,706,Friday,5,49,Week 49,December,12,FY2024,FY2024-12,Regular Day,N,,Winter,
707,2024-12-07,"December 07, 2024",12,707,Saturday,6,49,Week 49,December,12,FY2024,FY2024-12,Regular Day,N,,Winter,
708,2024-12-08,"December 08, 2024",12,708,Sunday,7,49,Week 49,December,12,FY2024,FY2024-12,Regular Day,N,,Winter,
709,2024-12-09,"December 09, 2024",12,709,Monday,1,50,Week 50,December,12,FY2024,FY2024-12,Regular Day,N,,Winter,
710,2024-12-10,"December 10, 2024",12,710,Tuesday,2,50,Week 50,December,12,FY2024,FY2024-12,Regular Day,N,,Winter,
711,2024-12-11,"December 11, 2024",12,711,Wednesday,3,50,Week 50,December,12,FY2024,FY2024-12,Regular Day,N,,Winter,
712,2024-12-12,"December 12, 2024",12,712,Thursday,4,50,Week 50,December,12,FY2024,FY2024-12,Regular Day,N,,Winter,
713,2024-12-13,"December 13, 2024",12,713,Friday,5,50,Week 50,December,12,FY2024,FY2024-12,Regular Day,N,,Winter,
714,2024-12-14,"December 14, 2024",12,714,Saturday,6,50,Week 50,December,12,FY2024,FY2024-12,Regular Day,N,,Winter,
715,2024-12-15,"December 15, 2024",12,715,Sunday,7,50,Week 50,December,12,FY2024,FY2024-12,Regular Day,N,,Winter,
716,2024-12-16,"December 16, 2024",12,716,Monday,1,51,Week 51,December,12,FY2024,FY2024-12,Regular Day,N,,Winter,
717,2024-12-17,"December 17, 2024",12,717,Tuesday,2,51,Week 51,December,12,FY2024,FY2024-12,Regular Day,N,,Winter,
718,2024-12-18,"December 18, 2024",12,718,Wednesday,3,51,Week 51,December,12,FY2024,FY2024-12,Regular Day,N,,Winter,
719,2024-12-19,"December 19, 2024",12,719,Thursday,4,51,Week 51,December,12,FY2024,FY2024-12,Regular Day,N,,Winter,
720,2024-12-20,"December 20, 2024",12,720,Friday,5,51,Week 51,December,12,FY2024,FY2024-12,Regular Day,N,,Winter,
721,2024-12-21,"December 21, 2024",12,721,Saturday,6,51,Week 51,December,12,FY2024,FY2024-12,Regular Day,N,,Winter,
722,2024-12-22,"December 22, 2024",12,722,Sunday,7,51,Week 51,December,12,FY2024,FY2024-12,Regular Day,N,,Winter,
723,2024-12-23,"December 23, 2024",12,723,Monday,1,52,Week 52,December,12,FY2024,FY2024-12,Regular Day,N,,Winter,
724,2024-12-24,"December 24, 2024",12,724,Tuesday,2,52,Week 52,December,12,FY2024,FY2024-12,Regular Day,N,,Winter,
725,2024-12-25,"December 25, 2024",12,725,Wednesday,3,52,Week 52,December,12,FY2024,FY2024-12,Regular Day,N,,Winter,
726,2024-12-26,"December 26, 2024",12,726,Thursday,4,52,Week 52,December,12,FY2024,FY2024-12,Regular Day,N,,Winter,
727,2024-12-27,"December 27, 2024",12,727,Friday,5,52,Week 52,December,12,FY2024,FY2024-12,Regular Day,N,,Winter,
728,2024-12-28,"December 28, 2024",12,728,Saturday,6,52,Week 52,December,12,FY2024,FY2024-12,Regular Day,N,,Winter,
729,2024-12-29,"December 29, 2024",12,729,Sunday,7,52,Week 52,December,12,FY2024,FY2024-12,Regular Day,N,,Winter,
730,2024-12-30,"December 30, 2024",12,730,Monday,1,1,Week 1,December,12,FY2024,FY2024-12,Regular Day,N,,Winter,
731,2024-12-31,"December 31, 2024",12,731,Tuesday,2,1,Week 1,December,12,FY2024,FY2024-12,Regular Day,N,,Winter,
