location_id,city,state,country,postal_code,timezone,region
1,South Maria,Georgia,American Samoa,21532,Asia/Colombo,West
2,South Erica,Missouri,Bulgaria,29264,America/Regina,North
3,Michaelberg,Missouri,Cape Verde,52922,America/St_Lucia,South
4,Christophershire,Nevada,Netherlands,46145,Europe/Malta,North
5,Leonardburgh,Kentucky,Gibraltar,06155,Europe/Sofia,West
6,South Troyfurt,Nebraska,Saint Barthelemy,50146,Atlantic/Cape_Verde,South
7,Smithfurt,New York,Slovenia,92948,Africa/Conakry,West
8,Lake Brandonland,Wyoming,Kazakhstan,06031,Africa/Tripoli,South
9,Masonfort,Virginia,Holy See (Vatican City State),99555,Africa/Abidjan,North
10,Lake Noahmouth,South Dakota,Niue,70656,Europe/Minsk,East
11,Christopherville,Kentucky,Azerbaijan,62797,Asia/Beirut,East
12,South Brittanyborough,Utah,Latvia,37270,America/St_Kitts,East
13,West Lesliefurt,Georgia,Guam,35661,Asia/Choibalsan,East
14,Port Sarahtown,California,Ukraine,12213,America/Havana,South
15,Port Michelleville,Minnesota,Kenya,09006,Africa/Windhoek,West
16,South Teresa,Oregon,Bouvet Island (Bouvetoya),75957,America/Guyana,West
17,Davidside,Nevada,Armenia,93971,America/Barbados,East
18,Danielleview,Delaware,Slovenia,42423,Europe/Copenhagen,West
19,Monroeberg,Kentucky,Congo,03293,Africa/Casablanca,West
20,West Staceymouth,Idaho,Venezuela,87751,Indian/Mahe,East
21,New Nathanielchester,Hawaii,Afghanistan,94104,Africa/Bujumbura,South
22,Port Judith,Oklahoma,Sierra Leone,27594,Africa/Sao_Tome,West
23,Pattymouth,Oklahoma,Haiti,34818,Asia/Rangoon,North
24,Brendaport,Colorado,Reunion,86542,Africa/Djibouti,North
25,New Stacey,Alaska,Reunion,61335,Asia/Brunei,North
26,South Benjaminton,California,Barbados,67996,America/Havana,South
27,Gardnerland,New Hampshire,Eritrea,55336,Asia/Bangkok,South
28,Tinaberg,South Carolina,Guinea,27382,Africa/Blantyre,North
29,Christopherfort,South Dakota,Panama,01921,America/Nipigon,East
30,Port Michael,Pennsylvania,Estonia,54849,Africa/Kigali,South
31,Cookstad,Michigan,Nepal,22985,Africa/Harare,East
32,East Bobbyshire,Nevada,Marshall Islands,48553,Europe/Sofia,North
33,Lake Thomasfurt,Montana,Cameroon,39394,Asia/Aqtobe,South
34,North Crystal,Kentucky,Georgia,64549,Africa/Ouagadougou,West
35,North Melissamouth,Kansas,Bhutan,68168,America/Campo_Grande,North
36,New Christopher,Alabama,Bangladesh,15548,Europe/Helsinki,South
37,South Chad,Oregon,Kenya,91520,Pacific/Auckland,North
38,Carolmouth,Missouri,Iraq,03933,Europe/Belgrade,West
39,Port Michael,Virginia,Saint Vincent and the Grenadines,32511,Asia/Kabul,North
40,Tonyahaven,Vermont,Kazakhstan,51675,Atlantic/Reykjavik,South
41,East Lori,Illinois,Saint Helena,27250,Europe/Sarajevo,West
42,South Kristen,Louisiana,Australia,81229,Pacific/Efate,West
43,East Donaldmouth,Kansas,Gabon,09287,Europe/Oslo,East
44,East Kathleenbury,California,Costa Rica,43420,Asia/Qatar,West
45,Grantland,Connecticut,Sweden,89372,America/Eirunepe,South
46,North Gina,Washington,Mongolia,08432,Africa/Dar_es_Salaam,North
47,East Jason,Oklahoma,Saint Barthelemy,96732,Europe/Riga,North
48,New Danielle,Colorado,China,33251,Europe/Ljubljana,South
49,Kathrynbury,Vermont,Pitcairn Islands,23198,Europe/Bucharest,West
50,West Alison,Hawaii,Paraguay,26277,Africa/Accra,East
51,North Michelleland,Ohio,Brunei Darussalam,71272,Asia/Baku,West
52,Matthewview,Illinois,Tanzania,75384,Africa/Monrovia,North
53,East Peter,Nebraska,Yemen,84385,Africa/Nairobi,West
54,East Elizabethshire,Utah,Saint Pierre and Miquelon,26229,Asia/Samarkand,South
55,South Pennyside,Illinois,Maldives,59440,America/Belize,West
56,North Jennifer,Texas,Lao People's Democratic Republic,29517,America/Costa_Rica,South
57,North Tracey,Alaska,Mali,40124,Africa/Abidjan,North
58,Myersshire,Alabama,Turks and Caicos Islands,10586,Europe/Vilnius,East
59,Baxterburgh,Delaware,Cape Verde,45066,America/Santo_Domingo,East
60,Kiddville,Washington,Ukraine,20203,Africa/Khartoum,South
61,East John,Minnesota,Thailand,22164,Asia/Bishkek,West
62,Katrinaland,Pennsylvania,Heard Island and McDonald Islands,49963,Europe/Berlin,South
63,Curryshire,Minnesota,New Zealand,76061,Europe/Berlin,South
64,Sierraland,Montana,Bolivia,82678,Europe/Zagreb,West
65,Biancabury,Wisconsin,Pakistan,35787,America/Lima,North
66,Hugheshaven,Massachusetts,Cote d'Ivoire,96945,Pacific/Funafuti,East
67,West Katelyn,North Dakota,Norway,13974,Asia/Damascus,South
68,New Jodi,Illinois,Cook Islands,47893,Asia/Manila,West
69,New Marvinland,Pennsylvania,Cuba,23300,Europe/Warsaw,South
70,Coleport,Florida,Lithuania,79106,Europe/Oslo,West
71,New Jasonton,Massachusetts,Namibia,80743,Africa/Lusaka,East
72,Jenniferside,Rhode Island,Benin,16803,Europe/Budapest,North
73,New Jeffrey,Virginia,Malta,67012,Asia/Colombo,North
74,Alexandermouth,Connecticut,Ukraine,96105,Africa/Abidjan,East
75,Adrienneport,Indiana,Bermuda,75580,Africa/Conakry,South
76,Amandaview,Tennessee,Sweden,43368,Africa/Kampala,South
77,Cynthiamouth,Washington,Niger,96095,America/La_Paz,South
78,Jimenezton,Arizona,Anguilla,85470,Europe/Skopje,East
79,Janicehaven,Ohio,Palestinian Territory,33566,Europe/Tirane,East
80,Mckinneyton,Maryland,Colombia,16146,Africa/Ouagadougou,North
81,Lake Samantha,West Virginia,Djibouti,70696,Europe/Rome,West
82,Candiceport,Maryland,Paraguay,21628,Asia/Dili,North
83,Johnborough,Arizona,Slovenia,52557,Africa/Douala,East
84,Jamesfort,Wyoming,Czech Republic,26627,Africa/Lusaka,West
85,Burtonburgh,Tennessee,Lesotho,85785,America/Antigua,West
86,Lake Aaronfurt,Alabama,Barbados,59402,Africa/Ndjamena,North
87,Michaelfurt,Maine,Italy,95681,Africa/Nouakchott,North
88,Josephport,Minnesota,Estonia,74128,Africa/Lome,North
89,Port Toddmouth,Washington,Netherlands,04435,Africa/Tunis,East
90,Port Brenda,Arkansas,Guatemala,37649,Europe/Bucharest,South
91,East Judith,Missouri,Samoa,45199,America/Costa_Rica,North
92,New Mackenziefurt,Montana,Czech Republic,88624,America/Paramaribo,South
93,South Sandra,Illinois,Holy See (Vatican City State),65123,America/La_Paz,East
94,Castanedastad,Georgia,Tunisia,14814,America/Antigua,South
95,Lake Laurenton,New Hampshire,Korea,69577,Asia/Damascus,East
96,East Gabrielle,Connecticut,Tajikistan,53730,Europe/Brussels,West
97,Wardstad,Georgia,Brunei Darussalam,59899,Europe/Sarajevo,South
98,Ericmouth,Arkansas,Saint Barthelemy,62633,Asia/Dubai,West
99,Baileyshire,Wyoming,South Africa,94219,Europe/Minsk,East
100,East Margaretfort,Maine,Uruguay,28448,Asia/Bangkok,North
101,East Bryan,Delaware,Vietnam,82044,Asia/Riyadh,West
102,Lake Pamelaburgh,Illinois,Iran,60771,Europe/Stockholm,South
103,South Patricia,Kentucky,Korea,40000,America/St_Vincent,East
104,Myersside,Indiana,Costa Rica,59594,Europe/Andorra,North
105,Jonesmouth,Tennessee,Uruguay,86511,Asia/Brunei,East
106,Vasquezmouth,Delaware,Qatar,86303,Asia/Shanghai,East
107,Kinghaven,Connecticut,Japan,46541,Europe/Warsaw,West
108,Port Nicholas,Florida,Korea,87855,Africa/Maseru,North
109,Christopherfurt,South Carolina,Aruba,95667,Atlantic/Azores,South
110,New Matthewburgh,Missouri,Kyrgyz Republic,13273,Africa/Porto-Novo,West
111,Benjaminside,Ohio,Singapore,86724,Asia/Dubai,East
112,New Jenniferport,Arkansas,Kyrgyz Republic,53823,America/Caracas,South
113,North William,Iowa,Suriname,39515,Africa/Maseru,West
114,West Evelyn,New Mexico,Uganda,81781,Asia/Kuala_Lumpur,South
115,Campbellburgh,Oklahoma,Latvia,62994,Africa/Gaborone,South
116,Albertfurt,Maine,Moldova,25252,Asia/Vientiane,South
117,New Adammouth,Maryland,Qatar,82184,Asia/Yerevan,South
118,Lake Judith,Indiana,Falkland Islands (Malvinas),83454,Africa/Harare,West
119,New Travisfurt,Oklahoma,Sweden,61564,Europe/Istanbul,North
120,Priceside,Oklahoma,Central African Republic,08877,Africa/Libreville,East
121,South David,Texas,Netherlands,22220,Pacific/Tongatapu,West
122,Robertchester,Wyoming,Iran,31881,Asia/Bahrain,North
123,Anthonystad,Tennessee,Bangladesh,97602,Asia/Seoul,East
124,Huertachester,Michigan,Syrian Arab Republic,06322,Europe/Vatican,West
125,Kristinport,Florida,Israel,02566,Africa/Harare,East
126,Lake Nicolasview,Kentucky,Kenya,91503,Asia/Damascus,North
127,Port Rebeccabury,New Hampshire,El Salvador,27902,America/St_Kitts,South
128,Chavezmouth,Massachusetts,Haiti,53621,Pacific/Apia,West
129,Lauriestad,New Hampshire,Argentina,92536,America/St_Lucia,East
130,New Luke,Kentucky,Brunei Darussalam,98576,Africa/Abidjan,East
131,Lake Anthony,North Dakota,Korea,88138,Pacific/Auckland,East
132,Garciaside,Indiana,Poland,80546,America/Lima,West
133,South Heather,Tennessee,Tokelau,96099,Africa/Maseru,South
134,Clarkefort,New Hampshire,Cote d'Ivoire,22192,Africa/Sao_Tome,South
135,New Travis,Minnesota,Venezuela,10612,Asia/Katmandu,South
136,Ethanside,Louisiana,Czech Republic,53379,America/Costa_Rica,East
137,Tammyville,Virginia,Saudi Arabia,95497,Europe/Berlin,West
138,North Danielhaven,Delaware,Hong Kong,58850,Pacific/Tongatapu,East
139,West Cody,Wisconsin,Maldives,61613,Europe/Malta,North
140,Lake Johnland,Connecticut,Iran,17171,Europe/Chisinau,West
141,Stonemouth,Kansas,Saudi Arabia,19072,Pacific/Easter,South
142,South Russellchester,West Virginia,Kiribati,89591,America/Tegucigalpa,West
143,Estradastad,South Dakota,Czech Republic,67128,America/Guatemala,East
144,Jeremiahbury,Maryland,Norway,98312,Europe/Tirane,East
145,Christiehaven,Utah,Mayotte,94976,America/Belize,East
146,Diazmouth,Washington,Slovakia (Slovak Republic),37589,Europe/Vaduz,North
147,Piercemouth,Oregon,Gabon,65715,America/Belize,East
148,Lake Brittanymouth,Nebraska,Antigua and Barbuda,50670,America/Guayaquil,North
149,Gentryshire,Kentucky,Myanmar,78544,America/Kentucky/Monticello,North
150,Garnerton,Colorado,Saint Lucia,07778,Asia/Vientiane,North
151,North Williemouth,Pennsylvania,Wallis and Futuna,61152,Europe/Prague,South
152,Andreaside,Ohio,Greenland,67896,Europe/Riga,South
153,North David,West Virginia,Norfolk Island,08858,America/North_Dakota/Center,South
154,Luiston,North Carolina,Somalia,02552,Asia/Calcutta,South
155,Longberg,Alaska,Barbados,22698,Africa/Dakar,East
156,Port Antonioburgh,South Dakota,Namibia,17702,Europe/Amsterdam,West
157,Robertton,New Mexico,Zimbabwe,48836,America/St_Lucia,North
158,Port Larrybury,California,Swaziland,24345,America/Tijuana,North
159,Martinstad,Hawaii,Timor-Leste,72138,Asia/Vientiane,East
160,South Toddhaven,New Hampshire,Costa Rica,34785,America/St_Vincent,East
161,New Shannon,Oregon,Martinique,03053,Europe/Bucharest,North
162,Brookeland,Iowa,Kuwait,22612,America/Antigua,South
163,South Tiffany,Utah,Sierra Leone,70750,Asia/Aden,West
164,West Joel,Kentucky,Bulgaria,14663,Europe/Sofia,South
165,East Melissa,North Dakota,Heard Island and McDonald Islands,41803,Asia/Nicosia,West
166,Port Sara,Connecticut,Germany,19324,Pacific/Kwajalein,South
167,Lake Robertmouth,Alabama,Korea,03809,America/Guatemala,West
168,Brownhaven,Louisiana,Norway,66992,America/El_Salvador,West
169,Whitefort,Nevada,Turks and Caicos Islands,13172,Asia/Damascus,West
170,East Kurt,California,Ethiopia,41896,Europe/Oslo,South
171,South Kendraview,Delaware,Martinique,30609,Europe/Bucharest,North
172,Delgadoborough,Wisconsin,Philippines,21292,America/Port_of_Spain,South
173,Floresville,Vermont,Holy See (Vatican City State),77294,Europe/Helsinki,East
174,North Donald,Connecticut,Kazakhstan,44282,Europe/Zagreb,South
175,North Bethany,South Dakota,San Marino,60516,Africa/Dakar,East
176,Mccormickbury,Georgia,Belgium,18675,Pacific/Majuro,East
177,Port Joseph,Alaska,Netherlands Antilles,10029,Africa/Douala,West
178,West Elizabeth,North Dakota,Jordan,21588,Europe/Warsaw,East
179,Lydiaside,Minnesota,Austria,01001,Africa/Bujumbura,North
180,East Stephanieburgh,Georgia,Uganda,73960,Asia/Baku,West
181,Brownstad,Kentucky,Zambia,48801,America/Boa_Vista,West
182,Smithton,Kansas,Taiwan,16705,Africa/Lome,South
183,Christophermouth,North Carolina,Guatemala,05953,Europe/Zagreb,East
184,North Melanieport,Texas,Bahrain,46076,Europe/Vienna,West
185,Brownberg,Maine,Guyana,65214,Indian/Mahe,East
186,West Mark,Missouri,Sao Tome and Principe,95168,Africa/Maseru,West
187,New Joelland,Georgia,Fiji,11798,Indian/Antananarivo,East
188,New Fernandoside,North Carolina,Australia,99517,America/Caracas,South
189,North Jamesfurt,Michigan,Marshall Islands,75557,Pacific/Ponape,East
190,West Stephen,Rhode Island,Bahamas,22317,Asia/Colombo,East
191,North Jacquelineport,Mississippi,Australia,88307,America/Lima,North
192,North David,Oregon,Saint Kitts and Nevis,67844,Asia/Tbilisi,West
193,North Seanport,North Carolina,Bahamas,04387,Africa/Casablanca,North
194,Jessicaview,Florida,Guadeloupe,73873,Africa/Dar_es_Salaam,East
195,Lake Holly,California,Switzerland,19000,America/Panama,East
196,West Anthonyberg,Missouri,Korea,86609,Africa/Banjul,South
197,South Miranda,Tennessee,Spain,18144,Africa/Niamey,North
198,Christopherburgh,Maryland,Heard Island and McDonald Islands,91791,America/Dominica,North
199,Burtonfurt,North Carolina,Malta,31385,Asia/Karachi,East
200,Port Johnburgh,Rhode Island,Mexico,41971,Pacific/Easter,South
201,New Kelliebury,Virginia,Zambia,97729,Africa/Blantyre,South
202,Craigborough,Rhode Island,Estonia,67529,Europe/Riga,South
203,Smithshire,Kansas,Palestinian Territory,26989,Asia/Tehran,West
204,East Davidshire,Hawaii,Costa Rica,58462,Africa/Khartoum,South
205,South Jameston,Virginia,Equatorial Guinea,50876,Africa/Khartoum,North
206,Nataliemouth,Michigan,Spain,71178,Pacific/Apia,North
207,North Danaburgh,California,Mozambique,85965,Europe/Prague,South
208,South Paulmouth,Hawaii,Albania,29472,Asia/Rangoon,North
209,Ramirezfort,New Hampshire,Barbados,05782,Asia/Pyongyang,East
210,Aprilbury,Alabama,Turkey,51342,Asia/Dili,West
211,North Rickyland,Nebraska,Uruguay,92442,Asia/Jerusalem,West
212,South Ronaldtown,Utah,Saint Pierre and Miquelon,75164,Asia/Taipei,South
213,Katrinastad,Tennessee,Liechtenstein,71355,Asia/Karachi,East
214,North Richardshire,Colorado,Austria,75117,Africa/Tunis,West
215,Millertown,Virginia,Guernsey,45902,Europe/Paris,South
216,New Williammouth,Utah,Israel,37033,Europe/Budapest,East
217,Wongmouth,Oklahoma,Guam,80717,Africa/Nairobi,South
218,West Derek,Minnesota,Nauru,49994,Africa/Dakar,North
219,New Sandra,Florida,Northern Mariana Islands,02463,Atlantic/Madeira,East
220,Richardsfort,Idaho,Cambodia,54200,Africa/Dar_es_Salaam,North
221,South Joseph,Delaware,Paraguay,34595,Asia/Urumqi,South
222,Hamiltonside,Nebraska,British Virgin Islands,78196,America/Belize,West
223,North Maryside,South Dakota,Micronesia,27677,Europe/Skopje,South
224,Lake Jesse,Connecticut,Morocco,91240,America/Grenada,South
225,Port Nicolestad,Kentucky,Argentina,84407,Asia/Kabul,North
226,Coleside,Nevada,Libyan Arab Jamahiriya,50254,Indian/Mauritius,East
227,South Anthony,Connecticut,Central African Republic,69463,Asia/Manila,West
228,Harperchester,California,Congo,67094,Asia/Kuwait,East
229,Villegasside,Minnesota,United States Virgin Islands,14149,Europe/Vaduz,East
230,Lake Alexisfurt,Missouri,Hong Kong,20828,Asia/Katmandu,North
231,Lake Elizabethberg,Virginia,Kazakhstan,27329,Pacific/Apia,East
232,Melissaview,Colorado,Latvia,37694,Asia/Thimphu,East
233,Valdezview,Nevada,Oman,17083,Pacific/Tongatapu,East
234,Cathyburgh,Alaska,Egypt,30841,Europe/Paris,West
235,Port John,Nebraska,El Salvador,58475,Europe/Malta,East
236,North Elijahfort,Kentucky,Saint Helena,57748,Pacific/Kosrae,West
237,Robbinsfurt,Oklahoma,Barbados,29494,America/Guatemala,South
238,Guerraview,Vermont,Cameroon,37442,America/St_Lucia,South
239,East Michelle,Michigan,British Virgin Islands,45640,Africa/Bissau,South
240,New Kimberly,Indiana,United States Minor Outlying Islands,35585,Asia/Jerusalem,West
241,East Todd,California,Zimbabwe,85977,America/Tegucigalpa,North
242,Port Matthewchester,Washington,Micronesia,74289,Africa/Lubumbashi,South
243,East Patricia,Maine,Cayman Islands,88812,Europe/Copenhagen,East
244,New Eric,Maine,Seychelles,13527,Africa/Kampala,East
245,Browningview,Ohio,Iran,77235,Africa/Asmera,South
246,North Jodiberg,Maryland,Finland,37435,Europe/Ljubljana,South
247,Teresaberg,Virginia,Cyprus,26806,Asia/Amman,East
248,Port Rebecca,Maryland,Poland,42857,America/Guatemala,North
249,Jenkinsville,Colorado,Croatia,92091,America/Asuncion,East
250,Davishaven,Alaska,French Southern Territories,18446,America/Guyana,West
251,New Maureenside,Virginia,Poland,40623,Africa/Dar_es_Salaam,North
252,North Anneside,Hawaii,Kazakhstan,43888,America/La_Paz,East
253,South Heidiberg,North Dakota,Liberia,09150,Asia/Singapore,West
254,Ginachester,Nevada,Brazil,51030,Africa/Lome,West
255,Hortonview,Maryland,Trinidad and Tobago,18166,Atlantic/Azores,North
256,North Robert,Delaware,New Caledonia,46002,Africa/Tunis,West
257,Taylorland,Maryland,Tajikistan,43699,Europe/Vienna,South
258,Barkerport,Massachusetts,Ecuador,58550,Asia/Ashgabat,West
259,New Alexander,Kansas,Sri Lanka,94263,Asia/Nicosia,North
260,New Rebeccaside,Kansas,Sao Tome and Principe,74209,Africa/Kampala,South
261,Guyfurt,Hawaii,Saint Helena,31042,Asia/Calcutta,East
262,East Travisburgh,Montana,Burundi,94314,Europe/Amsterdam,South
263,Jacksonshire,Hawaii,Bangladesh,72617,America/Tegucigalpa,North
264,Saraton,New Jersey,San Marino,98592,Atlantic/Cape_Verde,East
265,New Sheilahaven,Illinois,Belgium,81066,Africa/Djibouti,South
266,Mirandaport,Indiana,Saint Barthelemy,24904,Europe/Simferopol,North
267,East Diamond,Alaska,Algeria,24960,Africa/Sao_Tome,South
268,North Deanna,Vermont,Argentina,79577,Africa/Cairo,South
269,North Zacharyside,Texas,Reunion,60157,Africa/Harare,East
270,Garciamouth,Maine,Botswana,89331,Africa/Bamako,South
271,Lake Ryanchester,Arizona,Sierra Leone,26996,Asia/Amman,East
272,South Kimberly,South Carolina,Nauru,16977,Europe/Belgrade,South
273,New Emily,Nebraska,Canada,02422,Europe/Minsk,North
274,Hatfieldton,Oregon,British Virgin Islands,44887,America/Costa_Rica,South
275,South Gabriellemouth,Connecticut,Guinea,71106,Asia/Dili,South
276,Sandrastad,Connecticut,Lebanon,35550,Asia/Katmandu,West
277,Wardchester,Ohio,Philippines,97671,Europe/Tirane,West
278,Wesleyberg,Rhode Island,Falkland Islands (Malvinas),46861,Europe/Vienna,South
279,East Kenneth,Wyoming,Costa Rica,00923,America/Phoenix,South
280,Wilsontown,Louisiana,Latvia,05456,Asia/Choibalsan,South
281,East Laurabury,Missouri,Palestinian Territory,30230,Pacific/Chatham,East
282,North Pamela,Alaska,Sierra Leone,61251,Africa/Nairobi,East
283,Nguyentown,Texas,Dominican Republic,56220,Asia/Qatar,South
284,Jeffreyborough,North Carolina,Austria,38080,Asia/Calcutta,South
285,Lake Amanda,Montana,Guam,54735,Europe/Amsterdam,South
286,Padillafurt,Oregon,Myanmar,34215,Europe/Warsaw,West
287,Robertmouth,South Carolina,Cote d'Ivoire,73526,Asia/Singapore,South
288,North Dwayne,Colorado,Liberia,42251,Pacific/Port_Moresby,North
289,New Christophershire,North Carolina,Oman,80964,Asia/Anadyr,North
290,Jeffreybury,Indiana,Croatia,11956,Africa/Mbabane,North
291,Lake John,California,Namibia,52899,Africa/Abidjan,East
292,South Stanley,Wyoming,French Guiana,68481,Asia/Kuching,North
293,East Patricia,Massachusetts,Tajikistan,37578,Pacific/Funafuti,South
294,Brianaton,Wyoming,Sudan,94313,Atlantic/Reykjavik,East
295,West Eddie,New Mexico,Moldova,43731,America/Nassau,South
296,North Cathy,Delaware,Canada,25433,Pacific/Majuro,North
297,New Richardborough,Delaware,Tonga,12642,Asia/Qyzylorda,West
298,New Brookeberg,Alabama,Zimbabwe,34195,Pacific/Efate,South
299,East Chadville,Alaska,Switzerland,85054,Europe/Sofia,South
300,Buchananchester,Georgia,Dominica,68086,Asia/Tehran,East
301,Chloeport,Maine,Mexico,26910,Asia/Phnom_Penh,West
302,Patriciaborough,Arizona,Faroe Islands,32210,Africa/Bissau,South
303,Moorehaven,New Mexico,Guinea,63702,Europe/Uzhgorod,West
304,North Kristashire,Vermont,Turkey,35964,Atlantic/Azores,South
305,Dukeville,Vermont,Brazil,46767,Asia/Yakutsk,East
306,Andrewton,Illinois,Israel,32653,Europe/Stockholm,East
307,West Christophershire,Texas,Ethiopia,82818,Asia/Yerevan,East
308,Ryanberg,New Mexico,Congo,69346,Asia/Beirut,West
309,Robertfurt,Ohio,Gambia,11536,America/Grenada,South
310,Thomasfurt,Alabama,Mayotte,45549,Asia/Damascus,West
311,Fergusonside,New York,Tajikistan,41251,Africa/Gaborone,West
312,Lauraberg,Maryland,Christmas Island,73836,Atlantic/Cape_Verde,South
313,North Lindseyshire,Illinois,Mauritius,86597,Africa/Lubumbashi,North
314,East Jessicaport,Arkansas,Austria,74357,Europe/Bratislava,North
315,Port Lori,Hawaii,Finland,19242,Asia/Kuwait,East
316,North Deborahborough,Indiana,Lithuania,01716,Africa/Tripoli,East
317,Tinastad,Minnesota,Reunion,90548,Africa/Dakar,East
318,South Andrew,Michigan,Norfolk Island,82584,Africa/Luanda,South
319,Snyderborough,Montana,Kuwait,57207,Africa/Bamako,West
320,Cynthiatown,South Dakota,Iran,62203,Asia/Gaza,West
321,East Thomasmouth,Alabama,Tuvalu,90762,Africa/Douala,North
322,East Austin,Oregon,Comoros,39757,America/Paramaribo,West
323,Lake Ryan,Rhode Island,Malaysia,86233,Europe/Chisinau,West
324,Lake Michael,Ohio,Palestinian Territory,67053,Asia/Bahrain,West
325,Walkerfort,Pennsylvania,Senegal,48295,Asia/Saigon,West
326,Henryton,Georgia,Nicaragua,25899,Africa/Ndjamena,West
327,Chaneyview,North Carolina,Guernsey,93897,Asia/Karachi,North
328,Kathrynchester,Vermont,India,94067,Africa/Djibouti,East
329,East Kenneth,Kentucky,Iran,58608,Pacific/Easter,North
330,Brownbury,New York,Cape Verde,46511,Africa/Maputo,West
331,West Charlene,Wisconsin,Egypt,26791,Asia/Ashgabat,South
332,Seanmouth,Washington,Solomon Islands,87606,Europe/Budapest,South
333,East Alexandriaberg,Texas,Korea,43864,Asia/Nicosia,East
334,West Ronaldmouth,Wyoming,France,53254,Europe/Brussels,South
335,East Jaime,Alabama,Jordan,04830,Asia/Almaty,West
336,Mariebury,South Dakota,Austria,04171,Asia/Samarkand,South
337,Hesterborough,New Jersey,Greece,13213,Africa/Bujumbura,East
338,Brandonfort,Georgia,Vanuatu,21600,Africa/Bangui,North
339,North Kathryn,Wyoming,Kenya,30662,Asia/Pyongyang,South
340,Meghanside,Wisconsin,Algeria,11786,America/Jamaica,South
341,North Leahchester,Minnesota,Aruba,28939,Africa/Khartoum,East
342,Smithchester,Tennessee,Andorra,71804,Africa/Casablanca,East
343,New Sean,Kansas,Bosnia and Herzegovina,39421,Africa/Abidjan,West
344,North Rebekah,Nevada,Hungary,24228,Pacific/Kiritimati,South
345,Port Markfurt,New York,Niger,19087,Europe/Minsk,North
346,Lake Josephshire,Wisconsin,Netherlands Antilles,01885,Asia/Yerevan,East
347,Mariahborough,Delaware,Zimbabwe,64581,Europe/Lisbon,South
348,West Pamela,South Dakota,Oman,28461,Europe/Minsk,North
349,North Elaine,Georgia,San Marino,84636,Africa/Khartoum,North
350,New Bryanview,Kansas,Comoros,06094,Asia/Bishkek,South
351,Port Valeriebury,Ohio,Russian Federation,94061,Europe/Vilnius,East
352,Jamesstad,Utah,Yemen,13494,Pacific/Enderbury,West
353,Wyattberg,Iowa,Cyprus,37355,America/Belize,South
354,New Reneemouth,Vermont,New Zealand,76427,Asia/Dili,East
355,East Johnny,New Jersey,Mexico,44491,Europe/San_Marino,South
356,Elizabethbury,Vermont,American Samoa,75889,Asia/Kuching,South
357,New Williamfurt,Delaware,Ethiopia,54909,Asia/Thimphu,North
358,East Thomas,Illinois,Micronesia,52758,America/La_Paz,North
359,Kyleshire,North Dakota,Tanzania,64792,Africa/Johannesburg,East
360,New Douglasview,Massachusetts,Kazakhstan,14645,Asia/Taipei,South
361,North Josephfurt,Alaska,Saint Kitts and Nevis,20769,Asia/Brunei,North
362,Perezburgh,Minnesota,Saint Kitts and Nevis,78521,Europe/Lisbon,South
363,New Brian,Georgia,Denmark,38999,America/Boa_Vista,South
364,Glenstad,Maryland,Russian Federation,02394,Asia/Bangkok,North
365,North Scottborough,West Virginia,Brazil,16379,America/Santo_Domingo,North
366,West Yesenia,Georgia,Spain,25467,America/St_Kitts,South
367,Russellhaven,West Virginia,Nicaragua,05742,Europe/Amsterdam,West
368,Jamieland,Arizona,Australia,05939,America/St_Kitts,West
369,Port Duane,Vermont,Lao People's Democratic Republic,63364,Asia/Thimphu,West
370,Garrettchester,Michigan,Gambia,09449,Europe/Helsinki,South
371,Martinezview,South Dakota,Bouvet Island (Bouvetoya),06753,Pacific/Galapagos,North
372,Mccallview,Nevada,Papua New Guinea,07497,Africa/Asmera,South
373,Christensenstad,Colorado,Chile,49787,Africa/Bangui,West
374,South Sonia,Texas,Singapore,68346,Africa/Johannesburg,West
375,Lake Nathan,Colorado,Timor-Leste,73172,Asia/Jerusalem,East
376,West Victoriaborough,Connecticut,Papua New Guinea,82233,America/Noronha,South
377,North James,Pennsylvania,British Indian Ocean Territory (Chagos Archipelago),05564,Pacific/Apia,West
378,East Patricia,New Hampshire,Marshall Islands,03962,Europe/Tallinn,South
379,Harrisonfurt,Arkansas,Turks and Caicos Islands,92599,Africa/Kinshasa,North
380,New Stacymouth,Idaho,Guinea,80065,Africa/Lusaka,South
381,East Tinamouth,North Carolina,Barbados,98055,Africa/Freetown,North
382,Lake Laurafurt,Wisconsin,Singapore,09390,Indian/Maldives,East
383,South Teresa,North Carolina,Bahamas,78703,Asia/Irkutsk,North
384,Montesmouth,Rhode Island,Djibouti,98924,Pacific/Port_Moresby,South
385,Lake Marvin,South Dakota,Grenada,51500,America/Yakutat,North
386,West Jennifer,Arkansas,Hong Kong,16652,Africa/Maseru,East
387,Jamesfort,Massachusetts,Czech Republic,91597,Asia/Baku,West
388,Fergusonhaven,Alabama,Western Sahara,58134,Asia/Phnom_Penh,East
389,Smithfurt,Maine,Barbados,85471,Asia/Bahrain,South
390,East Gavinbury,West Virginia,Argentina,66814,Africa/Kigali,South
391,Mooreville,Virginia,Equatorial Guinea,84254,Africa/Harare,South
392,Jesseberg,Wisconsin,French Guiana,34058,Africa/Conakry,North
393,Michaelview,California,Tanzania,70631,America/Managua,East
394,Davidhaven,Montana,Ecuador,98443,America/Caracas,East
395,West Mary,Indiana,Montserrat,75359,Indian/Maldives,South
396,East Gabrielfort,Ohio,Kiribati,99412,Europe/Vaduz,South
397,East Michaelstad,North Carolina,Kenya,82939,Europe/Belgrade,North
398,North Laura,Arkansas,Samoa,73302,America/Costa_Rica,South
399,Lake Johnmouth,Florida,Saint Barthelemy,26163,Europe/Bucharest,East
400,Karenfurt,Illinois,Moldova,99727,America/La_Paz,North
401,Marissafurt,Wyoming,Libyan Arab Jamahiriya,42970,Pacific/Auckland,South
402,Lake Patriciaburgh,Wyoming,Korea,77825,America/Asuncion,East
403,North Ashleychester,North Dakota,Somalia,14067,Africa/Freetown,West
404,Youngstad,Pennsylvania,France,17767,Asia/Amman,South
405,Kellyfort,South Carolina,Namibia,83033,America/Lima,West
406,Rayfurt,Kansas,Angola,79289,Africa/Kigali,South
407,New Michaelburgh,Illinois,Moldova,37407,Africa/Djibouti,South
408,Brooksstad,Kansas,Turkey,66843,Asia/Bishkek,North
409,East Richardberg,Utah,New Zealand,19131,Europe/Podgorica,East
410,Port Vincentborough,Oklahoma,Morocco,70441,America/Kentucky/Monticello,East
411,New Virginia,Oklahoma,Belize,05517,Europe/Vatican,North
412,New Nancy,Delaware,Germany,91062,Africa/Gaborone,West
413,Port Brandonshire,Kentucky,Djibouti,10935,Europe/Budapest,West
414,North Christine,Delaware,Tuvalu,32504,America/Guatemala,East
415,Port Robertberg,Tennessee,Palau,48598,Pacific/Tarawa,North
416,East Donna,Iowa,Grenada,97499,Africa/Kigali,East
417,West Coreyfort,Louisiana,Indonesia,92464,Africa/Mbabane,South
418,Donnamouth,Idaho,Taiwan,56256,Africa/Cairo,West
419,Port Trevorfurt,California,Lithuania,07030,Africa/Bujumbura,West
420,Phamside,Tennessee,El Salvador,55420,Indian/Mahe,North
421,West Christina,Utah,Qatar,94334,Africa/Douala,East
422,Port Ruth,Alaska,Jordan,89554,America/Panama,East
423,Kellyfort,West Virginia,Kazakhstan,90803,America/Tegucigalpa,East
424,Burnsshire,Kansas,Spain,37189,Africa/Mbabane,West
425,Lake Jenniferview,Hawaii,Korea,82741,America/Port_of_Spain,West
426,Amyview,Wisconsin,Isle of Man,60200,Asia/Dubai,East
427,Jacksonhaven,Michigan,Kiribati,40504,Africa/Maseru,South
428,South Jennifershire,California,Nicaragua,17899,Europe/Chisinau,South
429,South Aaron,New Jersey,Korea,84989,Africa/Casablanca,South
430,Marilynland,Mississippi,Timor-Leste,24041,Europe/Andorra,East
431,South Lauraview,North Dakota,Timor-Leste,81704,Europe/Helsinki,South
432,New Adrian,Delaware,Montserrat,61051,Africa/Nouakchott,South
433,Jaystad,Texas,Andorra,94112,Asia/Aden,East
434,Port Melissa,New Hampshire,Ireland,12069,Europe/Malta,East
435,North Caitlyn,Hawaii,Venezuela,13485,Africa/Algiers,South
436,Lopezview,California,Madagascar,24083,Asia/Omsk,West
437,Ashleyside,New Hampshire,Mozambique,35735,Europe/Athens,East
438,Coreymouth,Georgia,Lesotho,03264,Africa/Bissau,North
439,Masonport,Hawaii,Maldives,35798,Asia/Samarkand,West
440,Cindyborough,Florida,Palestinian Territory,70891,America/Barbados,East
441,Connerchester,Kentucky,Cape Verde,96360,Atlantic/Reykjavik,South
442,Rogersshire,Texas,Latvia,79244,America/Santo_Domingo,West
443,Tiffanyland,Nevada,Kyrgyz Republic,39278,Europe/Zurich,South
444,Barberburgh,Utah,Egypt,88554,America/Argentina/Mendoza,South
445,Brittanyfurt,Hawaii,Falkland Islands (Malvinas),57384,America/Santo_Domingo,South
446,North Samantha,Mississippi,Somalia,20890,Africa/Douala,East
447,Wolfhaven,Vermont,Greece,76759,Europe/San_Marino,West
448,New Ryan,Arizona,Jordan,09676,Asia/Kuala_Lumpur,South
449,Port Susanhaven,Idaho,Martinique,82900,Africa/Bamako,South
450,Lake Elizabeth,Maine,Bouvet Island (Bouvetoya),67918,Asia/Samarkand,South
451,North Barbaraton,North Dakota,Afghanistan,50578,Africa/Djibouti,East
452,Brownton,Idaho,Nigeria,99740,Africa/Accra,South
453,South Kyle,Colorado,Botswana,01565,Europe/Vilnius,West
454,Christineburgh,Missouri,United Kingdom,03742,America/Edmonton,South
455,New Robin,Wisconsin,Serbia,44079,America/St_Lucia,West
456,South Joseph,Vermont,Iraq,88195,Asia/Pontianak,West
457,Williamsonchester,Hawaii,Armenia,98094,Africa/Malabo,East
458,Nelsonmouth,Georgia,Cape Verde,70319,Atlantic/Reykjavik,East
459,Port Larry,Oregon,Uzbekistan,92433,America/St_Kitts,North
460,Smithstad,Minnesota,Benin,64690,Europe/Ljubljana,South
461,Emilyview,New Jersey,Martinique,87728,Asia/Aden,West
462,New Matthew,Oklahoma,Iceland,81204,Africa/Bamako,West
463,Stoneton,Idaho,Tonga,44630,Asia/Taipei,South
464,North Edward,Hawaii,Japan,50427,Europe/Athens,South
465,Hernandezshire,Washington,Cayman Islands,91368,Europe/Dublin,East
466,Hughesland,Oregon,Svalbard & Jan Mayen Islands,42455,Pacific/Easter,East
467,Odonnellland,Georgia,Andorra,12687,Europe/Amsterdam,South
468,Port Jonathanburgh,Florida,Madagascar,98197,America/Antigua,West
469,East Victoriaport,West Virginia,Montenegro,13850,Europe/Malta,South
470,Rebeccaport,New York,Somalia,46749,America/St_Lucia,South
471,Lake Amanda,Minnesota,Kiribati,33742,Asia/Tashkent,North
472,West Erin,South Dakota,Guadeloupe,66713,Asia/Gaza,North
473,East Davidberg,Missouri,Namibia,82917,Atlantic/Reykjavik,North
474,New Suzanne,Alabama,Djibouti,50458,Asia/Kuwait,East
475,West Maxwelltown,Nebraska,Montserrat,67254,Africa/Asmera,West
476,Robertashire,California,Fiji,38857,Asia/Yerevan,North
477,Janetside,Maryland,Western Sahara,63189,Europe/Monaco,East
478,Cameronfort,South Dakota,Sweden,60353,Europe/Vaduz,East
479,Markfort,Mississippi,Sudan,25490,Europe/Rome,South
480,Johnsonburgh,Pennsylvania,Kuwait,57370,America/Indiana/Knox,East
481,Snowview,Kansas,Liechtenstein,56791,Asia/Nicosia,South
482,Edwardtown,Wyoming,Namibia,11981,Africa/Lusaka,West
483,Millsview,New Hampshire,Mexico,05986,Africa/Ceuta,East
484,West Wesley,Nebraska,Uruguay,48962,Africa/Bamako,East
485,North Lisachester,Colorado,Cape Verde,10322,Asia/Qyzylorda,West
486,Carmenland,Connecticut,Nicaragua,26804,Indian/Mauritius,North
487,Andrewsshire,Wisconsin,Tanzania,65983,Africa/Blantyre,North
488,Port Derrickstad,Maryland,British Indian Ocean Territory (Chagos Archipelago),28597,Africa/Algiers,South
489,West Michealton,Michigan,Bolivia,68434,Asia/Jerusalem,South
490,Mitchellview,Alaska,Nicaragua,91468,America/Santo_Domingo,North
491,Andrewview,Vermont,Belgium,05043,Europe/Vaduz,South
492,Cowanburgh,Indiana,Saint Martin,81953,Europe/Vaduz,North
493,Lake Amanda,California,Lebanon,12072,Pacific/Auckland,South
494,West Regina,Tennessee,Maldives,78024,Asia/Tashkent,West
495,North Kevinhaven,Michigan,Nigeria,78268,Pacific/Guadalcanal,East
496,Jamestown,Arizona,Albania,49399,Asia/Thimphu,East
497,Walshstad,South Carolina,San Marino,29543,Africa/Bangui,East
498,Lake Michele,New York,Saint Martin,77723,America/Caracas,South
499,East Garyfurt,Washington,Guam,70305,Europe/Paris,East
500,Farmerberg,West Virginia,Tokelau,83716,Asia/Yerevan,North
501,New Linda,Georgia,Bhutan,09909,Asia/Muscat,West
502,Robertbury,Tennessee,Turkmenistan,15873,Europe/Paris,North
503,Lefurt,Colorado,Aruba,43500,Africa/Abidjan,South
504,Lawrencemouth,South Dakota,Liberia,63690,Europe/Malta,South
505,East Michael,Wyoming,Malaysia,49726,Africa/Abidjan,East
506,Nguyenchester,South Carolina,Pitcairn Islands,27933,Pacific/Funafuti,South
507,Janeborough,West Virginia,Cuba,46701,Europe/Helsinki,South
508,New Matthewberg,Ohio,Burkina Faso,73904,Africa/Abidjan,East
509,Bennettstad,Texas,Germany,58747,America/Costa_Rica,North
510,Wellsview,Louisiana,United States Virgin Islands,14103,Africa/Dakar,East
511,Lopezport,Oklahoma,Suriname,70554,Europe/Dublin,West
512,Davidsonside,Texas,Mongolia,36599,Europe/Zaporozhye,West
513,North Kimberly,Delaware,Senegal,73107,Asia/Makassar,South
514,Hoffmantown,Illinois,Somalia,90182,Atlantic/Reykjavik,West
515,South Alejandro,Georgia,Morocco,60808,Asia/Thimphu,East
516,Dominguezmouth,North Dakota,Zimbabwe,29606,Europe/San_Marino,West
517,East Julia,Georgia,Bangladesh,03684,Europe/Vilnius,West
518,East Mark,West Virginia,Djibouti,86967,Asia/Makassar,North
519,Brendanville,Florida,Iran,27487,Asia/Calcutta,West
520,New Bonnieville,Connecticut,Uganda,03767,Europe/Sofia,South
521,Lake Dominique,Maine,Algeria,92755,Asia/Amman,West
522,Maryview,Idaho,France,07041,Asia/Calcutta,North
523,Cheyennefort,Indiana,Sudan,05525,Africa/Khartoum,South
524,Port Sheilahaven,Pennsylvania,Jamaica,33882,Europe/Berlin,South
525,Pricestad,New Hampshire,Korea,55676,Europe/Sarajevo,South
526,Cowanmouth,Louisiana,Tajikistan,47233,Asia/Rangoon,North
527,North Marco,Nevada,Togo,17165,America/Panama,South
528,South Lucas,Minnesota,Comoros,60613,Asia/Bishkek,East
529,New Tammymouth,Iowa,South Georgia and the South Sandwich Islands,09655,Asia/Yerevan,East
530,Davisview,Illinois,Saint Vincent and the Grenadines,51099,Asia/Seoul,South
531,Port Victoria,Montana,Somalia,47596,America/Guyana,East
532,Thomasfort,Wisconsin,Cayman Islands,49820,Africa/Nairobi,West
533,Lake Tonyburgh,West Virginia,Mongolia,72862,Asia/Saigon,West
534,Port Johnfurt,Louisiana,Myanmar,11152,Europe/Brussels,South
535,South Sara,Minnesota,Congo,33670,Europe/Bucharest,North
536,Patriciaville,Nebraska,Lao People's Democratic Republic,52420,America/Managua,West
537,New Tiffanymouth,Arizona,Heard Island and McDonald Islands,76255,Atlantic/Madeira,South
538,Tonyashire,Iowa,Palau,21088,Africa/Bamako,East
539,Lake Joannashire,Minnesota,Guinea-Bissau,62348,Asia/Ashgabat,South
540,Julieburgh,Illinois,Albania,07396,Asia/Gaza,North
541,North Matthewfurt,California,Uzbekistan,21407,Africa/Freetown,West
542,Port Kellyburgh,North Carolina,Germany,83176,Atlantic/Cape_Verde,West
543,East Benjaminside,Louisiana,Mozambique,49586,America/Santo_Domingo,South
544,Montoyaberg,Mississippi,Saint Pierre and Miquelon,73687,Africa/Lusaka,South
545,Ericmouth,Maine,Bermuda,99061,Pacific/Easter,North
546,West Rebeccafort,Florida,Anguilla,23416,Asia/Tehran,West
547,Scottbury,New York,Portugal,42153,Asia/Bishkek,North
548,Sullivanbury,Massachusetts,Bosnia and Herzegovina,15185,Pacific/Funafuti,East
549,Susanfort,New Hampshire,Uruguay,72784,Europe/Tirane,South
550,Michaelburgh,Nevada,Honduras,66479,Europe/Chisinau,East
551,South Gregborough,Tennessee,Uganda,32504,Pacific/Kwajalein,South
552,North Lindsey,Minnesota,Samoa,30489,Asia/Samarkand,East
553,Justinmouth,Nevada,Guadeloupe,33635,America/Cuiaba,South
554,New Loritown,Hawaii,Aruba,53122,America/Dominica,North
555,Martintown,Arizona,Switzerland,44276,Indian/Mahe,East
556,Stephanieburgh,New Mexico,India,90558,Africa/Nairobi,North
557,North Jonathonhaven,Iowa,Nepal,29847,Asia/Calcutta,South
558,Elizabethmouth,Kansas,Monaco,10904,Europe/Oslo,North
559,Johnside,New York,Serbia,71095,Asia/Katmandu,North
560,Shaneland,Alaska,Egypt,04152,Europe/Tallinn,North
561,West Jessica,Pennsylvania,Saint Helena,04654,Africa/Douala,West
562,Banksbury,Connecticut,Denmark,73723,Europe/Istanbul,South
563,North Elizabethbury,North Carolina,Sierra Leone,40140,Africa/Algiers,West
564,Moonstad,Louisiana,Micronesia,91627,Europe/Sarajevo,West
565,Heathertown,North Carolina,Kenya,53055,America/Jamaica,South
566,Markbury,Delaware,Eritrea,26477,America/Dominica,North
567,Michaelborough,Alabama,Puerto Rico,25730,America/St_Kitts,North
568,Jordanshire,New Jersey,Gambia,47142,Asia/Tehran,West
569,North Stephenton,Tennessee,Italy,52123,Europe/Prague,East
570,Derekmouth,Colorado,Timor-Leste,55180,Indian/Mauritius,South
571,South Jessicafurt,Texas,Azerbaijan,42524,Asia/Kabul,West
572,West Ashley,Kansas,Malta,54771,Europe/Vienna,East
573,West Jeffrey,Oklahoma,Zambia,45059,Africa/Bamako,North
574,Vazquezfort,Illinois,Costa Rica,47113,America/St_Kitts,West
575,Lake Adrian,Ohio,Cyprus,52774,Europe/Monaco,South
576,Blackburnborough,California,Moldova,45752,Asia/Colombo,South
577,Frederickport,New Jersey,Palestinian Territory,50050,America/Barbados,North
578,North Frankbury,New York,Austria,32058,Europe/Vatican,South
579,North Donald,Louisiana,British Indian Ocean Territory (Chagos Archipelago),28765,Africa/Libreville,North
580,East Kimberly,Arkansas,Czech Republic,46383,Africa/Monrovia,East
581,Caseyside,Montana,Marshall Islands,13831,Europe/Vaduz,East
582,Adamshire,Arkansas,Greenland,35074,Asia/Brunei,East
583,Alyssaland,Hawaii,Cape Verde,69347,Europe/Kaliningrad,North
584,South Jeffreyberg,Mississippi,Chile,40218,America/Dominica,North
585,New Sonia,Idaho,Libyan Arab Jamahiriya,40060,Asia/Bahrain,South
586,West Dustin,Alabama,Niue,21390,Asia/Amman,East
587,Wrightshire,New Mexico,Benin,62929,Africa/Nouakchott,West
588,Charlesville,New Jersey,Saint Kitts and Nevis,05516,Asia/Kuwait,South
589,New Davidmouth,Wyoming,South Africa,33132,Pacific/Nauru,South
590,Lake James,New Hampshire,Armenia,07662,Asia/Dushanbe,North
591,New Rebeccastad,Illinois,Greece,68912,Europe/Sofia,West
592,North Roger,Tennessee,Denmark,77383,Europe/Vienna,East
593,North Robert,Mississippi,Norfolk Island,70782,Atlantic/Cape_Verde,West
594,North Phillip,California,Czech Republic,99302,Europe/Istanbul,East
595,New Caitlin,Utah,Congo,52985,Asia/Vientiane,South
596,Jefferyfurt,Iowa,Timor-Leste,98615,Africa/Banjul,East
597,Janehaven,Colorado,Taiwan,77527,America/La_Paz,East
598,West Douglas,Iowa,Dominican Republic,42490,America/Nome,South
599,South Jessica,Texas,Mozambique,33308,Asia/Makassar,West
600,Paulborough,Texas,Belize,51385,Europe/Zagreb,North
601,Amyhaven,Oregon,Kazakhstan,75296,Asia/Colombo,East
602,South Robertside,Delaware,Costa Rica,36686,Africa/Bamako,East
603,Port Cherylberg,Utah,Cambodia,33909,Europe/Sarajevo,West
604,Jacobmouth,New York,Ghana,38434,Europe/Ljubljana,East
605,Mitchellfort,New Hampshire,Norfolk Island,14426,America/St_Lucia,West
606,East Ericahaven,Utah,Tunisia,58194,Europe/Sofia,West
607,West Shawnamouth,Kansas,Cambodia,29057,America/St_Kitts,East
608,Westport,Tennessee,Cote d'Ivoire,77613,America/Asuncion,West
609,West David,Georgia,Oman,04056,Africa/Ouagadougou,East
610,East Michael,Kansas,Lithuania,77003,Asia/Dili,South
611,Jamesview,Alabama,Cayman Islands,95574,Asia/Bahrain,South
612,Josephbury,South Dakota,Algeria,21328,Asia/Urumqi,North
613,South Jillianchester,Oklahoma,Nicaragua,19996,Europe/Podgorica,South
614,Debraborough,Nevada,Cambodia,47332,Africa/Douala,East
615,Lake Erin,Alabama,Haiti,83929,Asia/Baku,East
616,Edwardsborough,California,Cote d'Ivoire,53581,Africa/Douala,East
617,West Anthonyside,New Jersey,Belgium,74954,Africa/Nouakchott,North
618,Mcmillanmouth,North Dakota,South Africa,08265,America/Lima,West
619,West Catherineside,Illinois,Guinea-Bissau,77403,Asia/Gaza,West
620,Smithbury,Kentucky,Pitcairn Islands,88699,America/Boa_Vista,South
621,Lake Carmenfurt,Idaho,Uganda,77176,Africa/Luanda,South
622,East Janice,Mississippi,Mauritania,34890,Europe/Bratislava,East
623,Barnesside,Wisconsin,Kuwait,47896,Africa/Dar_es_Salaam,West
624,Lake Edward,Washington,Madagascar,33786,America/St_Kitts,South
625,Cookborough,Illinois,Paraguay,18978,America/Costa_Rica,South
626,West Jason,Delaware,Estonia,37938,Asia/Manila,South
627,Gregoryport,California,Sri Lanka,09564,Europe/Vienna,North
628,Lake Rachelfort,Oregon,Sierra Leone,79067,Pacific/Fiji,South
629,North Jeanborough,New Jersey,Poland,04300,Atlantic/Cape_Verde,South
630,Salazartown,Vermont,Lithuania,22011,Asia/Kuala_Lumpur,North
631,Hartport,Georgia,Tunisia,78516,Pacific/Nauru,North
632,New Brendanton,Massachusetts,Monaco,46813,Africa/Dar_es_Salaam,South
633,North Lisashire,Massachusetts,Guyana,62023,Pacific/Kwajalein,South
634,Laurabury,Delaware,Finland,85733,Africa/Tripoli,East
635,Williamville,Wyoming,Guyana,56572,Pacific/Fiji,East
636,Johnsonmouth,Oklahoma,Colombia,22437,Pacific/Majuro,West
637,Vasquezberg,Virginia,Afghanistan,45384,Pacific/Tongatapu,South
638,Joseville,Mississippi,Luxembourg,70741,Asia/Kuwait,South
639,Teresaberg,Kentucky,Mongolia,44206,Asia/Calcutta,West
640,Bennetthaven,Wisconsin,Costa Rica,83245,Europe/Kyiv,North
641,Johnsonside,Ohio,Netherlands,48762,Africa/Bujumbura,South
642,Thomasburgh,Tennessee,Lebanon,31689,Europe/Vienna,East
643,Christopherborough,Georgia,Faroe Islands,77086,Europe/Belgrade,North
644,Bryanburgh,Delaware,Saint Barthelemy,03532,Europe/Skopje,North
645,Port Christopher,Maryland,Saint Barthelemy,12494,Africa/Dakar,West
646,Donnatown,New Hampshire,Tuvalu,08018,Asia/Dubai,East
647,North Robertmouth,Missouri,Belgium,56479,Asia/Dhaka,East
648,Greenstad,Alabama,Rwanda,36646,Africa/Kinshasa,North
649,Jenningsfurt,Florida,Saint Barthelemy,56210,Africa/Kigali,North
650,South Seth,Indiana,Libyan Arab Jamahiriya,49212,Africa/Luanda,South
651,Melissafort,California,Sao Tome and Principe,50361,America/Antigua,North
652,West Cynthiaview,North Carolina,Netherlands Antilles,10105,Asia/Calcutta,West
653,Rickychester,Tennessee,Tokelau,94074,America/Bogota,East
654,Kristenburgh,Colorado,Saudi Arabia,26355,Europe/Brussels,South
655,Port Jenniferside,Wisconsin,Nigeria,71358,Europe/Berlin,South
656,Howeton,California,Taiwan,89226,Africa/Algiers,West
657,South Jonville,North Carolina,Cambodia,86970,Africa/Freetown,South
658,Humphreyfort,Mississippi,Albania,93925,Pacific/Efate,North
659,Tuckermouth,Tennessee,Hungary,39365,Asia/Phnom_Penh,East
660,Rangelmouth,Hawaii,Bouvet Island (Bouvetoya),21126,Africa/Dar_es_Salaam,West
661,Karenfort,Oklahoma,Mozambique,72262,Asia/Tokyo,East
662,East Cody,New Mexico,Sri Lanka,60523,Africa/Bamako,West
663,South Wanda,North Dakota,Saint Vincent and the Grenadines,56638,Europe/Tallinn,West
664,Jamesstad,Delaware,Bangladesh,74112,Africa/Khartoum,North
665,New Amanda,Colorado,Comoros,29784,Europe/Simferopol,North
666,Lake Virginia,Connecticut,South Africa,86958,Europe/Amsterdam,East
667,Wilkinsonmouth,New York,Morocco,40880,Africa/Bujumbura,West
668,Whiteheadshire,Louisiana,Austria,22294,Europe/Skopje,North
669,Richardton,West Virginia,Algeria,42045,Africa/Djibouti,North
670,Riceburgh,Vermont,Turks and Caicos Islands,93211,Asia/Kuwait,South
671,East Kimberlyborough,Nevada,Poland,79852,Africa/Maputo,West
672,South Susantown,Oregon,Papua New Guinea,64365,Europe/San_Marino,South
673,Warrenside,Tennessee,Jordan,78165,Asia/Colombo,South
674,North Nicholas,Connecticut,Grenada,19375,Europe/Malta,West
675,Danielleborough,Arizona,Iran,91660,America/Caracas,South
676,Jennastad,New York,Mauritius,18335,Africa/Conakry,North
677,Bonnieview,West Virginia,Chad,43873,Asia/Calcutta,North
678,Bryanville,Michigan,Peru,98101,Europe/Zagreb,North
679,North Douglas,Idaho,San Marino,46070,Europe/Sarajevo,East
680,Danielborough,Illinois,Micronesia,46469,Africa/Cairo,West
681,West Elizabethside,Washington,Bulgaria,08180,Africa/Freetown,North
682,Fisherchester,Alabama,Syrian Arab Republic,23344,Africa/Asmera,North
683,West Robertport,West Virginia,Mongolia,39215,Asia/Seoul,North
684,Hallstad,South Carolina,South Georgia and the South Sandwich Islands,30830,America/Guyana,South
685,Lake Kimberlyshire,Maryland,Germany,54554,Pacific/Apia,South
686,New Stevenburgh,Virginia,Saint Pierre and Miquelon,04939,Africa/Freetown,East
687,Moorefurt,North Carolina,Zambia,43333,Pacific/Kiritimati,North
688,Wellschester,Kentucky,Northern Mariana Islands,55471,Asia/Ashgabat,East
689,Louischester,Ohio,Niue,40577,Europe/Vilnius,North
690,North Paul,New Mexico,Costa Rica,13483,Asia/Baghdad,East
691,West Raven,Oklahoma,Belize,25379,Asia/Muscat,East
692,Port Taraland,Pennsylvania,United States Minor Outlying Islands,39268,Asia/Riyadh,North
693,Robinsonchester,South Carolina,Guinea-Bissau,87737,Asia/Thimphu,West
694,Stephenmouth,Louisiana,Christmas Island,59390,Europe/Vienna,South
695,Port Kyle,Wisconsin,Philippines,13357,America/Guatemala,West
696,Ramirezview,Wyoming,Ukraine,93930,Atlantic/Cape_Verde,East
697,Port Joshuaport,Illinois,El Salvador,15826,America/Chihuahua,East
698,Port Carmen,North Carolina,Malta,66190,America/St_Kitts,South
699,Jonesview,Georgia,Anguilla,92815,Africa/Kigali,West
700,Michelleview,Rhode Island,Seychelles,83828,America/Lima,South
701,Smithfurt,New York,American Samoa,92226,Europe/Tallinn,East
702,Greenside,Nebraska,Maldives,32371,Africa/Banjul,South
703,Reesehaven,California,Cote d'Ivoire,59149,America/Costa_Rica,East
704,New Beth,Indiana,Angola,93088,Asia/Amman,North
705,Angelaborough,Louisiana,Palau,17905,Asia/Dili,North
706,Sarahton,Utah,Austria,59862,Asia/Almaty,North
707,North Debra,Oklahoma,Aruba,22055,America/El_Salvador,West
708,Shafferside,Nebraska,Suriname,63223,Asia/Kuwait,East
709,Clarkberg,Texas,Paraguay,05038,America/Vancouver,West
710,West Lindabury,New York,Zimbabwe,89337,Europe/London,North
711,West Olivia,New Jersey,British Indian Ocean Territory (Chagos Archipelago),01352,Pacific/Majuro,North
712,Lake Amber,Connecticut,Dominican Republic,81941,Asia/Pontianak,West
713,Port Neil,New Mexico,Dominican Republic,51386,Asia/Pyongyang,East
714,Lake Dianaborough,Rhode Island,Croatia,26027,Asia/Qatar,North
715,North Thomas,Colorado,Afghanistan,98044,America/Managua,West
716,Gentryberg,Maryland,Germany,05283,Asia/Ashgabat,East
717,New Julieland,Massachusetts,Philippines,66074,Pacific/Ponape,East
718,Robinsonborough,West Virginia,Greece,09532,Pacific/Galapagos,South
719,South Christopher,Idaho,Botswana,26416,Africa/Nairobi,East
720,Campbellstad,North Carolina,Tuvalu,14669,Europe/Luxembourg,East
721,North Amandaport,Virginia,Netherlands,18072,America/Havana,West
722,Port Hannahview,Connecticut,Seychelles,78827,America/Tegucigalpa,West
723,Port Christopher,Alabama,Jamaica,44678,Africa/Nairobi,North
724,Lake Taylortown,Ohio,Italy,07755,Africa/Sao_Tome,South
725,Lesliemouth,Texas,Vietnam,52891,America/Antigua,East
726,West Heathermouth,North Dakota,Chile,36553,Asia/Brunei,South
727,Douglaschester,New Mexico,Greece,78338,Indian/Mahe,West
728,Westland,New Jersey,Moldova,08250,Asia/Almaty,North
729,New Dean,Oregon,Lao People's Democratic Republic,53363,Asia/Qatar,East
730,Woodsside,Oklahoma,Maldives,74629,Atlantic/Reykjavik,East
731,West Edwardfort,Missouri,Cape Verde,29012,America/Rainy_River,North
732,Collinsview,Washington,Saint Vincent and the Grenadines,45128,Europe/Skopje,South
733,North Lisaport,Connecticut,South Africa,23769,America/El_Salvador,East
734,New Brandonborough,Montana,Togo,88099,Africa/Brazzaville,North
735,Lake Rebeccastad,Nevada,Canada,32121,Europe/Dublin,North
736,South Elizabethfort,Montana,Ireland,65750,Africa/Tunis,North
737,North Christian,California,Uzbekistan,08380,America/Montevideo,North
738,Leeborough,Maryland,Burundi,04652,Asia/Vientiane,North
739,Hollyton,North Carolina,New Caledonia,60434,Africa/Tunis,West
740,South Erica,Ohio,Cayman Islands,99586,America/St_Kitts,East
741,Dominguezmouth,Oklahoma,Gabon,73200,Europe/Andorra,West
742,Esparzafurt,Nebraska,Tajikistan,80570,Asia/Hovd,South
743,Sarahchester,Virginia,Armenia,47213,Europe/Istanbul,North
744,South Davidview,Oklahoma,South Africa,75554,Europe/Zagreb,North
745,West Stacy,Alabama,Montenegro,86251,America/Tegucigalpa,West
746,North Christophermouth,Minnesota,Bosnia and Herzegovina,76727,Asia/Kabul,South
747,Christophermouth,Louisiana,Japan,58343,Asia/Tashkent,South
748,Lopezchester,Michigan,British Indian Ocean Territory (Chagos Archipelago),34863,America/Guyana,North
749,Williamsfort,Vermont,Saint Pierre and Miquelon,55002,Atlantic/Reykjavik,North
750,New Levi,Indiana,Bolivia,64293,Africa/Nairobi,East
751,Meghanport,Maryland,Hong Kong,62281,Africa/Conakry,South
752,New Amy,Mississippi,Brunei Darussalam,82792,Pacific/Palau,South
753,Owenchester,Florida,Equatorial Guinea,98305,Africa/Djibouti,North
754,Kennethville,Kansas,Liberia,37078,Asia/Damascus,East
755,Ramirezhaven,Maryland,Namibia,15719,Europe/Monaco,South
756,Port Davidstad,Arizona,British Indian Ocean Territory (Chagos Archipelago),16691,Africa/Brazzaville,West
757,Glovertown,Arizona,Mozambique,06597,Europe/Skopje,South
758,West Christopher,Idaho,Georgia,60439,Europe/Lisbon,East
759,West Laurafurt,Virginia,Guyana,77555,Atlantic/Reykjavik,East
760,Normanchester,Oklahoma,Faroe Islands,37814,America/Antigua,West
761,South Molly,New Jersey,Equatorial Guinea,75668,Asia/Nicosia,South
762,New Chad,Arizona,Israel,68714,Asia/Riyadh,West
763,North Kristinstad,Colorado,Solomon Islands,49304,America/La_Paz,North
764,West Brianstad,Oregon,Saint Kitts and Nevis,10731,Pacific/Efate,North
765,Matthewstad,Washington,Armenia,92545,Europe/Sarajevo,West
766,New Debra,West Virginia,Peru,60575,America/Grenada,West
767,Kristenhaven,Nebraska,Mongolia,09680,America/Tegucigalpa,East
768,Port Markberg,New Jersey,Tajikistan,85288,Asia/Seoul,West
769,Markside,Wisconsin,Australia,42293,Africa/Freetown,East
770,Lake Douglaschester,Kentucky,Lao People's Democratic Republic,48377,Africa/Tunis,East
771,Michelleville,Wyoming,Ethiopia,09449,Pacific/Easter,East
772,East Paulshire,Connecticut,Togo,47844,Pacific/Palau,West
773,South Timothyfort,Washington,Honduras,48622,Africa/Sao_Tome,South
774,Christopherport,North Carolina,Ecuador,18013,Europe/Chisinau,East
775,Larsonton,New Mexico,Madagascar,69243,Europe/Malta,West
776,South Gary,Minnesota,United Arab Emirates,00536,Pacific/Kwajalein,West
777,Rebeccaberg,Indiana,Iceland,65203,America/Port_of_Spain,North
778,South Jonathan,New Mexico,Antarctica (the territory South of 60 deg S),03791,Pacific/Majuro,East
779,Petersonburgh,Hawaii,Bhutan,56136,Europe/Budapest,South
780,Justinfurt,Arkansas,Azerbaijan,60011,Pacific/Kwajalein,East
781,Claireshire,Florida,Martinique,63950,Indian/Antananarivo,North
782,Norristown,Indiana,Namibia,54561,America/Managua,South
783,West Christopherborough,Indiana,Myanmar,70617,Asia/Krasnoyarsk,South
784,Leeside,Arizona,Belarus,90320,Asia/Qatar,East
785,Port Tiffanymouth,New Jersey,Antarctica (the territory South of 60 deg S),31069,Pacific/Auckland,North
786,Draketown,New Jersey,Vietnam,93826,Asia/Dushanbe,West
787,Brianmouth,Vermont,Palau,00608,Asia/Bahrain,South
788,Lake Peter,North Dakota,Ireland,89071,America/Blanc-Sablon,East
789,Christopherfort,Minnesota,Palau,04321,America/Managua,East
790,Michaelfort,Montana,Cambodia,24374,Asia/Saigon,South
791,Kaneside,Indiana,Guernsey,84583,Pacific/Guadalcanal,East
792,Lake Ericfort,Indiana,Grenada,73860,Europe/Vilnius,South
793,North Hannahshire,Delaware,Swaziland,83985,Africa/Douala,South
794,Wallsfurt,Oregon,Uruguay,50069,Asia/Bishkek,South
795,East Brandystad,Illinois,Sweden,74660,Europe/Monaco,South
796,Ryanmouth,Oklahoma,Greece,56114,Europe/Athens,North
797,East Eddieborough,Nevada,Mauritania,06227,Europe/Luxembourg,South
798,West Holly,Hawaii,Albania,31079,Asia/Kuching,East
799,West Leslie,Florida,Swaziland,88179,Pacific/Tongatapu,East
800,Juliehaven,Wisconsin,Switzerland,96890,America/Dominica,South
801,West Mitchellside,Arizona,Saint Helena,96045,Africa/Windhoek,West
802,Andrewfort,South Carolina,Italy,32686,Africa/Bamako,West
803,Hesston,California,Pakistan,50026,Africa/Libreville,South
804,Lake Rachel,Washington,Heard Island and McDonald Islands,31069,Africa/Conakry,West
805,West Elizabethville,Wisconsin,Portugal,70529,Africa/Bamako,South
806,Lake Donnashire,Wisconsin,Eritrea,33613,Asia/Thimphu,West
807,West Cody,Washington,Benin,06026,Europe/Skopje,West
808,West Daniel,Alabama,Jersey,52604,America/Jamaica,East
809,West Maria,Oklahoma,Cyprus,58239,Asia/Baku,North
810,Lake Amberfurt,Delaware,Dominica,42208,Africa/Bujumbura,South
811,Port Aaronberg,Missouri,Czech Republic,66423,Asia/Nicosia,East
812,West Kevintown,Alabama,French Polynesia,94185,America/Dominica,North
813,Charlesmouth,Illinois,Iceland,35657,America/Port_of_Spain,South
814,Randyburgh,Kentucky,Armenia,17953,Pacific/Tongatapu,South
815,North Marcus,Oklahoma,Guinea,77547,Pacific/Enderbury,North
816,Port Christian,Utah,Ireland,37486,Africa/Sao_Tome,East
817,South Samuel,Minnesota,Falkland Islands (Malvinas),09407,Asia/Singapore,North
818,Michaelbury,Georgia,Colombia,59786,Asia/Ulaanbaatar,West
819,Port James,Vermont,Zambia,38963,Asia/Bishkek,North
820,Evanstown,Minnesota,Russian Federation,56719,Europe/Tallinn,West
821,East Taylorview,Kansas,Philippines,93785,Pacific/Auckland,South
822,East Kayla,Rhode Island,Eritrea,51031,Asia/Pyongyang,North
823,West Laurenview,Virginia,Monaco,58215,Asia/Pyongyang,West
824,Rachelshire,Maryland,Slovakia (Slovak Republic),91638,Asia/Katmandu,South
825,West Linda,Rhode Island,Central African Republic,22442,Africa/Niamey,East
826,Lake Johnathan,Massachusetts,Philippines,84114,Africa/Addis_Ababa,East
827,New Meganton,Illinois,Slovakia (Slovak Republic),52037,Europe/Bucharest,West
828,Gordonberg,California,Turkmenistan,18347,America/La_Paz,East
829,Williamchester,Idaho,American Samoa,17579,Africa/Conakry,South
830,Lisaton,Washington,Luxembourg,22356,Europe/Zaporozhye,East
831,Gilbertton,Montana,Serbia,50518,Asia/Muscat,North
832,Campbellborough,New York,United States Virgin Islands,13102,Africa/Harare,South
833,Edwinbury,Indiana,Cuba,16257,America/La_Paz,East
834,Samuelbury,Washington,Sri Lanka,02547,Europe/Sofia,West
835,Ronaldstad,Utah,Djibouti,72508,Africa/Lusaka,South
836,North Chrisside,Vermont,Haiti,97329,Asia/Tbilisi,South
837,Tracyshire,Oregon,Serbia,13850,America/El_Salvador,East
838,Laurenburgh,Vermont,Isle of Man,12213,Europe/Paris,South
839,Arroyohaven,Colorado,Tokelau,08763,Asia/Tehran,North
840,North Nicole,Connecticut,Ghana,44008,America/Tegucigalpa,North
841,Peterport,Connecticut,Czech Republic,13249,Europe/Athens,South
842,Russellbury,Delaware,Zimbabwe,48629,Africa/Porto-Novo,North
843,North Deborah,Nevada,Netherlands,74830,Africa/Nairobi,South
844,Bryanstad,Colorado,Congo,35544,Africa/Dar_es_Salaam,East
845,Lake Christopherview,Alabama,North Macedonia,40438,Asia/Kabul,East
846,South Karen,South Carolina,Thailand,77540,Europe/Paris,East
847,South Adriana,Vermont,Bouvet Island (Bouvetoya),17581,America/Lima,East
848,Lewisshire,Montana,Sudan,98411,Asia/Beirut,North
849,Hoffmanberg,Idaho,Moldova,41547,Asia/Yerevan,West
850,Mirandastad,Virginia,Faroe Islands,25830,Africa/Djibouti,North
851,South Maria,Utah,Malaysia,37556,America/Guatemala,East
852,Wagnerburgh,Maryland,Ecuador,18505,Pacific/Easter,South
853,Meyersborough,Maryland,Sierra Leone,63852,Europe/Malta,North
854,Lake Destinyfort,North Carolina,South Georgia and the South Sandwich Islands,30379,Europe/Athens,South
855,Lake Regina,Florida,Burundi,82000,Asia/Kabul,North
856,Ramirezmouth,Alaska,Myanmar,60891,Africa/Asmera,West
857,Vanessahaven,Oregon,Israel,54074,Africa/Freetown,North
858,Nancyburgh,North Carolina,Saudi Arabia,69853,Europe/Luxembourg,East
859,Kristaview,Maryland,Syrian Arab Republic,03778,America/Guatemala,East
860,Lake Justinshire,Colorado,Nicaragua,56130,Pacific/Tongatapu,North
861,East Timothyfurt,Alabama,United Arab Emirates,52376,Europe/Rome,North
862,Christopherport,Arizona,Thailand,60931,Africa/Bangui,North
863,Estesmouth,Iowa,Belarus,16967,Asia/Kuwait,South
864,Lutzfurt,Vermont,New Caledonia,98892,Africa/Nouakchott,South
865,Holmesport,Mississippi,Malta,37274,Europe/Podgorica,West
866,South Jasonchester,Colorado,Fiji,97167,Africa/Accra,South
867,West Josephport,Montana,Fiji,90927,Europe/Amsterdam,North
868,West Brettburgh,Georgia,San Marino,57833,Asia/Yakutsk,South
869,Michaelton,Georgia,Qatar,19736,Europe/Sarajevo,West
870,North Jonathanmouth,Nebraska,Dominican Republic,85507,Asia/Dushanbe,East
871,Meganchester,Michigan,Lebanon,63983,Africa/Addis_Ababa,East
872,Port Johnathan,Ohio,Senegal,16914,Europe/Zagreb,North
873,East Ericview,Oregon,Guinea-Bissau,96805,Europe/Vaduz,South
874,Jamesberg,Indiana,Greece,32065,America/Montevideo,South
875,Lake Philip,Vermont,North Macedonia,76551,Africa/Conakry,West
876,Starkbury,New York,Kyrgyz Republic,14019,America/Argentina/Ushuaia,East
877,North Gerald,Maine,Brazil,15797,Asia/Nicosia,West
878,Hicksfurt,South Carolina,Cape Verde,08178,Asia/Jakarta,East
879,Joseton,New Hampshire,Sweden,59508,Atlantic/Canary,East
880,North Andrestad,Ohio,Uganda,31790,Africa/Nouakchott,West
881,Port Katherine,Wisconsin,Guadeloupe,82085,Africa/Sao_Tome,North
882,East Candacebury,Vermont,Kyrgyz Republic,80560,Pacific/Port_Moresby,East
883,Johnnyville,California,Hong Kong,60085,Africa/Sao_Tome,South
884,Toddbury,Washington,Tajikistan,78448,Asia/Baku,West
885,West Vanessaland,Missouri,Guyana,71441,America/Costa_Rica,North
886,South Timothyshire,Rhode Island,Algeria,90737,Europe/Paris,West
887,Burnettton,Montana,Burkina Faso,45767,Africa/Douala,West
888,East Joseph,Nevada,Saint Lucia,23833,Africa/Lusaka,East
889,Johnsontown,Montana,Luxembourg,02091,Indian/Maldives,South
890,Stevenfort,Georgia,Afghanistan,08103,Africa/Malabo,South
891,New Keith,South Carolina,Uzbekistan,01385,Asia/Vientiane,West
892,South Juan,South Carolina,Christmas Island,15293,Africa/Libreville,East
893,Jacquelinebury,Tennessee,Turkey,62878,Africa/Accra,East
894,West Charlestown,Minnesota,Western Sahara,10725,Europe/Sofia,South
895,East Michael,Pennsylvania,Anguilla,84018,Indian/Antananarivo,North
896,Hatfieldville,Oregon,Namibia,24652,Asia/Harbin,South
897,Gregoryfurt,Kentucky,Tuvalu,39506,Africa/Bissau,North
898,Richardsonton,South Carolina,Japan,08226,America/Paramaribo,South
899,New Bianca,Arizona,Syrian Arab Republic,78006,Europe/Bucharest,South
900,Russellstad,New Mexico,Senegal,33525,Asia/Jerusalem,South
901,Mileschester,Michigan,North Macedonia,94998,Asia/Seoul,South
902,New Andrew,Louisiana,Philippines,31302,America/Asuncion,South
903,Gonzalezfort,Iowa,Romania,38630,America/Havana,East
904,Ericmouth,Oklahoma,Chad,00553,Asia/Riyadh,East
905,Greenfurt,Arizona,Libyan Arab Jamahiriya,29940,Pacific/Auckland,South
906,New Kelly,Washington,Poland,35142,Africa/Khartoum,North
907,South Kyle,Virginia,Isle of Man,46110,Pacific/Galapagos,East
908,West Justinmouth,Alaska,France,40148,Asia/Ashgabat,East
909,West Denise,Virginia,Saint Pierre and Miquelon,71836,Asia/Tbilisi,South
910,South Brandon,Pennsylvania,Austria,93476,Europe/San_Marino,East
911,Gainestown,Texas,Saint Pierre and Miquelon,29594,Africa/Maputo,East
912,Megantown,New Jersey,Croatia,31539,Asia/Dili,East
913,Port James,Minnesota,Spain,08229,Europe/Monaco,North
914,South Nicolemouth,Texas,Svalbard & Jan Mayen Islands,37472,Africa/Bissau,East
915,South Benjaminport,Oklahoma,Guam,47094,Asia/Damascus,West
916,South Jason,New Jersey,Marshall Islands,70141,Europe/Athens,West
917,Carterton,New Mexico,Central African Republic,37799,Asia/Tashkent,North
918,Tiffanyton,Montana,Cote d'Ivoire,32597,America/St_Vincent,North
919,Myersville,New Mexico,Swaziland,48845,Pacific/Port_Moresby,East
920,East Josephfort,Pennsylvania,Guam,21597,Pacific/Funafuti,South
921,Cookmouth,New Mexico,Mongolia,20410,Africa/Mogadishu,South
922,Port Joyce,Colorado,Cook Islands,61197,Indian/Mahe,East
923,New Robert,Nevada,Cayman Islands,20836,Africa/Cairo,North
924,Lake Juliaburgh,Utah,Mexico,25358,Africa/Windhoek,East
925,North Marybury,New Mexico,Guatemala,10855,Africa/Lome,East
926,Lake Michael,Rhode Island,United Arab Emirates,83453,Asia/Tehran,West
927,Port Michael,Idaho,Serbia,23642,Africa/Porto-Novo,West
928,Markberg,Michigan,Syrian Arab Republic,13177,America/Tegucigalpa,North
929,Leeport,Ohio,Iran,47893,Asia/Riyadh,South
930,South Markport,New Mexico,Colombia,84837,Asia/Kashgar,East
931,Stephanieburgh,Delaware,Lao People's Democratic Republic,29279,America/Dominica,South
932,Lake Manuel,Virginia,Russian Federation,85115,Indian/Maldives,South
933,Jamesshire,Louisiana,United Arab Emirates,80825,America/Belize,North
934,Liuchester,Connecticut,El Salvador,52488,Pacific/Efate,West
935,South Elizabeth,Utah,Thailand,34830,Europe/Andorra,West
936,North Ronald,North Dakota,Saint Vincent and the Grenadines,14714,Asia/Calcutta,South
937,Port Amber,Idaho,Svalbard & Jan Mayen Islands,94810,Africa/Gaborone,West
938,South Lauriefort,Virginia,Finland,26468,America/Mazatlan,South
939,Timothytown,Arkansas,Iraq,09629,Africa/Tunis,West
940,Port Dianestad,Minnesota,Djibouti,22409,Africa/Windhoek,South
941,New Beth,Wyoming,Yemen,30409,Pacific/Apia,North
942,Port Austin,Delaware,Nigeria,52641,Asia/Baku,South
943,East Stevenville,Tennessee,Lithuania,60510,Atlantic/Cape_Verde,West
944,South Sarah,Minnesota,San Marino,68585,Europe/Kyiv,South
945,South Laurenburgh,Kansas,Turkmenistan,75120,Africa/Kampala,South
946,Jenniferhaven,Montana,Gambia,31423,Asia/Pontianak,North
947,Lake Kevin,Tennessee,Reunion,27068,America/Barbados,East
948,East Leslie,Michigan,Tuvalu,76118,Pacific/Apia,North
949,South Dustin,Vermont,San Marino,75973,Africa/Ouagadougou,East
950,Brownborough,Colorado,Suriname,55232,Africa/Blantyre,South
951,Victoriaburgh,California,Haiti,13251,Europe/San_Marino,East
952,Wrightmouth,New Mexico,Cook Islands,19787,Asia/Jerusalem,East
953,Port Jacob,Utah,El Salvador,99010,Asia/Singapore,South
954,East Biancaborough,Ohio,Paraguay,76839,Africa/Kampala,South
955,Leslieton,Arkansas,Finland,14261,Africa/Windhoek,North
956,Camposton,Iowa,Papua New Guinea,45822,Atlantic/Azores,South
957,Port Jackie,Rhode Island,Finland,89196,Asia/Thimphu,South
958,Davidstad,West Virginia,Hungary,68322,Pacific/Ponape,North
959,Lopezside,Pennsylvania,Kuwait,62916,Pacific/Funafuti,West
960,Brentmouth,New Hampshire,Burundi,64878,Asia/Pyongyang,East
961,Marshfurt,Delaware,Korea,33857,America/El_Salvador,East
962,Theresabury,Illinois,Saint Helena,75855,Asia/Urumqi,West
963,Gomezmouth,Arizona,Anguilla,99143,Asia/Dhaka,West
964,Ericksonfort,Pennsylvania,United Kingdom,09482,America/St_Lucia,East
965,East Haroldport,New York,Namibia,93428,Africa/Lome,South
966,Lake Charles,Louisiana,Namibia,12180,America/La_Paz,West
967,Brownfort,Ohio,American Samoa,66518,Atlantic/Reykjavik,South
968,South Chadshire,Louisiana,Namibia,13636,Africa/Brazzaville,West
969,Lake Travis,Montana,Spain,22874,Africa/Mbabane,East
970,Kimberlymouth,Pennsylvania,Jamaica,14714,Asia/Dili,North
971,Cameronberg,Iowa,Guernsey,65599,Asia/Nicosia,North
972,Smithland,Illinois,Ukraine,26441,Africa/Windhoek,South
973,West Kennethmouth,Nebraska,Lesotho,01752,Africa/Lome,East
974,East Andrew,New Jersey,Dominican Republic,60626,Europe/Budapest,East
975,North Catherine,Vermont,Panama,86475,Africa/Casablanca,East
976,New Marymouth,Arizona,Bolivia,64101,Australia/Perth,West
977,Sanchezmouth,Texas,Namibia,63467,Asia/Tokyo,East
978,New Debrafurt,Wisconsin,Malta,06708,Africa/Monrovia,North
979,Lake Anthony,Oregon,United Kingdom,99192,Africa/Ouagadougou,East
980,West Jamietown,Alabama,Portugal,16956,Africa/Douala,North
981,New Kristishire,Indiana,Guadeloupe,70840,Europe/Skopje,South
982,Robertsville,Indiana,Brazil,31691,Europe/Chisinau,South
983,Lake Chad,Montana,Nauru,01956,Europe/San_Marino,East
984,Kingtown,Tennessee,Algeria,06512,America/Lima,West
985,Danielfort,Alabama,Gabon,52900,Pacific/Majuro,West
986,South Tamaraberg,New York,Falkland Islands (Malvinas),96912,Africa/Maputo,West
987,Port Jason,Alaska,Guam,28923,Africa/Harare,East
988,Stephentown,Oklahoma,Germany,51824,America/Guatemala,East
989,East Sandramouth,Alabama,Bahamas,30577,Africa/Kampala,West
990,Davidtown,New Mexico,South Georgia and the South Sandwich Islands,73789,Africa/Abidjan,East
991,Laurenhaven,Connecticut,Burundi,97505,Asia/Dushanbe,West
992,South Daniel,Nebraska,Gambia,71172,Pacific/Fiji,South
993,West Jeffrey,Colorado,Norfolk Island,27882,Africa/Kigali,South
994,Brownbury,Michigan,Somalia,87995,Asia/Karachi,South
995,Williamstown,Georgia,Kenya,03993,Asia/Hebron,North
996,Lake Clintonside,Alaska,Norway,33439,Australia/Lindeman,West
997,Zacharymouth,Wyoming,Sao Tome and Principe,99046,America/Grenada,North
998,North Diane,Virginia,Saint Helena,32626,Asia/Colombo,North
999,Tiffanymouth,Idaho,Puerto Rico,81018,Asia/Aden,South
1000,East Ruben,Kentucky,Liechtenstein,85216,Pacific/Funafuti,South
