location_key,location_name,address,city,state,source,country,region,international_code,postal_code
1,LOC_Kanebury_0,4443 Brown Skyway Suite 786,North Davidfort,RI,PARTNER,SI,Indiana,TR,37186
2,LOC_Kennethberg_1,057 Murphy Square,West Felicia,AK,WEB,MZ,North Carolina,EE,58471
3,LOC_Kelseyshire_2,21663 Howell Common Suite 267,Rhondatown,MI,PARTNER,TD,Minnesota,OM,50805
4,LOC_Vargasfurt_3,939 David Avenue Apt. 994,Alexisview,NE,PARTNER,FI,Indiana,UG,26999
5,LOC_Kathleenfort_4,21270 Schmidt Ways,Scottfort,MH,PARTNER,GH,South Carolina,KR,41936
6,LOC_Barbarachester_5,6333 Miller Light Suite 671,South Shaunborough,VA,PARTNER,VU,Wisconsin,KZ,55257
7,LOC_North Robertstad_6,800 Lindsay Gateway Suite 046,East Jonathan,AZ,STORE,CO,Pennsylvania,JO,19241
8,LOC_East Glenn_7,8278 Bruce Brooks,North Thomas,NE,WEB,GA,Nevada,LK,02947
9,LOC_Lake Jennifer_8,7074 Johnson Trace Suite 880,Robertfurt,HI,STORE,LR,Montana,SL,33880
10,LOC_Leeport_9,904 Davies Stravenue,Port Lauren,NM,WEB,EE,Montana,WS,56918
11,LOC_Travisborough_10,57514 Abigail Crossroad,Lake Andrewtown,PW,WEB,KH,South Dakota,AG,79304
12,LOC_Gibsonview_11,12344 Le Passage Suite 878,Johnsonview,AK,STORE,NZ,Mississippi,NI,65498
13,LOC_Bowmanton_12,75626 Goodman Summit Apt. 695,Warnerfort,ND,STORE,BY,Arkansas,KI,81168
14,LOC_New Katherine_13,85799 Roberts Route Apt. 273,Harveyborough,PW,WEB,NO,Texas,MG,95634
15,LOC_Vanessaside_14,5533 Michelle Burg,New Christinahaven,SD,STORE,KE,Delaware,MA,58999
16,LOC_Port Malloryshire_15,43497 Jerome Lodge Apt. 425,Andreastad,MO,PARTNER,NI,Illinois,PY,95231
17,LOC_East Paulatown_16,01675 Murray Trail Suite 264,Allisonside,OH,PARTNER,US,Hawaii,CH,70523
18,LOC_East Lisaborough_17,7805 Santos Land Suite 854,Lake Patrickchester,MI,STORE,ML,Montana,IT,47384
19,LOC_West Angelaton_18,39665 Barnes Hill,North Bryanshire,MO,PARTNER,NG,South Carolina,JP,21768
20,LOC_East Dakota_19,839 Hall Key,Chapmanville,GU,WEB,MD,Oregon,ZM,85272
21,LOC_Tylerhaven_20,6576 Chelsea Tunnel Apt. 690,Shannonbury,PW,STORE,PW,New Mexico,NA,09607
22,LOC_South Josephborough_21,048 Jackson Isle Suite 353,Stephenside,KY,STORE,MW,Louisiana,NZ,88290
23,LOC_Kathyside_22,13574 Rhonda Turnpike Apt. 560,Port Philliphaven,CT,STORE,OM,Minnesota,PH,78108
24,LOC_Turnershire_23,1997 Lloyd Cove,Loganshire,ID,PARTNER,LT,North Dakota,BI,75953
25,LOC_Phillipsport_24,7278 Joseph Ridge,Davistown,PW,STORE,NP,North Dakota,BB,63855
26,LOC_Lake Victor_25,527 Mcclure Trafficway Suite 687,Margaretmouth,CT,STORE,NA,New Hampshire,VE,54114
27,LOC_Marshalltown_26,02682 Mary Ports Suite 826,Sanderston,TN,PARTNER,MA,Indiana,CG,09186
28,LOC_New Jasonstad_27,015 Garcia Grove Suite 572,South Samueltown,WV,PARTNER,ME,Arizona,TG,62500
29,LOC_South Jimmy_28,8037 Michael Drive,New Thomasbury,OK,WEB,BS,Massachusetts,UA,43243
30,LOC_East Douglasshire_29,3626 Gerald Track,South Angelmouth,MI,PARTNER,LS,Iowa,AL,05270
31,LOC_Marvinshire_30,570 Bell Trail Suite 216,Susanborough,UT,STORE,IE,Wisconsin,BT,22509
32,LOC_Deborahview_31,200 Harris Common Apt. 316,South Emilymouth,WA,STORE,BB,New Jersey,RU,23455
33,LOC_Sandrastad_32,0928 Smith Motorway,Jenniferport,TN,WEB,TD,Wyoming,JM,78739
34,LOC_West Patrick_33,6213 Kevin Spring Apt. 361,Meganland,NH,PARTNER,AR,Massachusetts,MC,48129
35,LOC_Lake Amanda_34,78007 Decker Club,Jensenberg,MD,WEB,NL,Missouri,FJ,98738
36,LOC_Pattonfurt_35,307 Anthony Pine Suite 711,New Brian,SC,PARTNER,PY,Virginia,TN,30403
37,LOC_Kellychester_36,9716 Stephens Center,New John,NV,WEB,NG,Mississippi,ST,23453
38,LOC_Whitehaven_37,9276 Sarah Streets,North Benjaminmouth,FM,WEB,PL,Indiana,TJ,45815
39,LOC_Lorettamouth_38,75691 Harris Dale Suite 926,East Diana,MH,WEB,BG,Vermont,NA,26498
40,LOC_Youngshire_39,548 Miller Turnpike,Lake Ashley,CO,WEB,NL,Massachusetts,IN,32078
41,LOC_Hooverberg_40,9702 Heidi Lodge Suite 620,Melissaville,WV,STORE,ME,Rhode Island,UG,96399
42,LOC_South Jaime_41,99466 John Park,Robertbury,NY,PARTNER,KM,Arkansas,MT,29368
43,LOC_Cowanborough_42,1809 Timothy Terrace Suite 414,East Seth,NV,PARTNER,IQ,Florida,KP,92461
44,LOC_South Allison_43,31402 Ware Loop,Fullertown,WY,STORE,BF,Massachusetts,LK,79208
45,LOC_Ericside_44,55168 John Mission,West Zachary,AR,STORE,AU,Texas,NE,00964
46,LOC_Castanedafort_45,246 Laura Gateway Apt. 114,Lake Josephtown,MT,STORE,LU,Wisconsin,PY,15734
47,LOC_East Michellemouth_46,25433 Alison Glen,West Misty,ND,STORE,GH,New Hampshire,BB,46620
48,LOC_East Andrewhaven_47,336 Kelli Lock,Lake Nancy,AK,STORE,HU,Minnesota,YE,85058
49,LOC_West Tonyaburgh_48,1570 Jones Grove,South Susan,GU,PARTNER,BO,Idaho,DM,85401
50,LOC_Christophershire_49,2844 Matthew Stravenue Suite 042,Parkershire,AS,STORE,CZ,Pennsylvania,LR,45348
51,LOC_Reynoldsfort_50,37316 Tapia Spur,Lake Kevinside,OH,WEB,KE,Oklahoma,CY,00584
52,LOC_Vegashire_51,96708 Robert Crescent,Donnafurt,AZ,WEB,NE,Colorado,PK,05576
53,LOC_West Richard_52,4074 Gabriel Estate,Floresport,WV,WEB,UA,Nebraska,SN,77873
54,LOC_East Timothytown_53,81717 Daniels Brook Apt. 495,Allenview,NM,WEB,FR,Louisiana,CM,18799
55,LOC_South Devon_54,36825 Aaron Lane Suite 398,Alexanderstad,WI,STORE,BS,Rhode Island,NO,48242
56,LOC_South Danview_55,931 Stephen Meadows,North Dawnchester,MP,PARTNER,IR,Nevada,AF,77402
57,LOC_Jeffersonshire_56,56211 Roger Radial,Sanderstown,WY,STORE,VC,Virginia,IS,16716
58,LOC_North Matthew_57,43076 Paul Shores Suite 886,Booneborough,TX,PARTNER,PH,Colorado,MC,38531
59,LOC_Lake Samanthahaven_58,022 Hurley Spurs,Peggyberg,IL,PARTNER,TZ,California,GN,91631
60,LOC_Bakerland_59,65256 Diana Coves Apt. 424,Pruittport,WV,WEB,RS,Louisiana,CV,56258
61,LOC_South Madison_60,25752 Jonathan Creek Suite 398,New Jamie,UT,WEB,ID,Wyoming,PW,28996
62,LOC_Mariabury_61,56042 Johnson Skyway,Williamsstad,CT,PARTNER,SV,Pennsylvania,IL,11106
63,LOC_East Christianview_62,95968 Joshua Ranch,North Coryburgh,TX,PARTNER,ES,Maine,ZM,94898
64,LOC_Lake Ericmouth_63,47542 Kimberly Mount Suite 676,Christensenhaven,PR,STORE,GN,Missouri,MV,40386
65,LOC_Washingtonville_64,02859 Kemp Lock Apt. 223,West Thomas,CA,STORE,MX,Louisiana,KH,02850
66,LOC_New Charlesborough_65,5343 Arnold Square Apt. 899,Gainesburgh,NM,WEB,SM,Michigan,VU,21004
67,LOC_Troymouth_66,7175 Tommy Divide,Elizabethton,MH,STORE,SR,Iowa,UG,80509
68,LOC_West Jennifer_67,6318 Jacqueline Causeway Suite 623,Port Michelleville,VT,STORE,YE,Wisconsin,KP,85530
69,LOC_West Tarahaven_68,1727 Gomez Cliffs Suite 850,Gillchester,MO,WEB,SK,South Dakota,ET,50122
70,LOC_South George_69,991 Matthew Junctions Apt. 859,Rickview,VI,WEB,BD,Illinois,AZ,64920
71,LOC_South Ricky_70,7102 Goodman Loaf,South Erichaven,AK,WEB,TH,New Jersey,KN,54860
72,LOC_Mitchellshire_71,85977 Kent Park,Port Katherine,HI,STORE,IQ,Colorado,RS,64509
73,LOC_Lake Brenda_72,045 Robinson Brooks Suite 888,Amandaville,PW,STORE,CO,North Carolina,NI,04129
74,LOC_Danielberg_73,741 Brittany Point Apt. 795,West Ryan,LA,PARTNER,NO,Hawaii,BA,50972
75,LOC_Washingtonburgh_74,47499 Melvin Views,West Jessicachester,MI,WEB,MC,South Carolina,SI,45870
76,LOC_Port Kayla_75,3891 Xavier Dale Suite 972,Martinezchester,OR,PARTNER,GT,Colorado,GH,85730
77,LOC_New Alanland_76,21844 Gray Valley Apt. 736,Brittanytown,NM,STORE,JO,Montana,KZ,97997
78,LOC_Victoriabury_77,0459 Hutchinson Points Suite 401,Lake Benjamin,MO,STORE,DM,Tennessee,LR,22713
79,LOC_Bestfurt_78,745 Crawford Circle Suite 650,Amandatown,TX,WEB,BY,Tennessee,KI,56623
80,LOC_Coleport_79,811 Amanda Drive,Hawkinsland,NH,WEB,CU,Massachusetts,NE,48497
81,LOC_Susanton_80,1759 Carol Ways,Morrisberg,OR,PARTNER,CV,Kansas,TJ,53917
82,LOC_Port Karenview_81,8600 Rodriguez Light,Mccoyport,WI,WEB,MG,Wyoming,FM,38553
83,LOC_New Elizabethfurt_82,072 Arnold Forest,Fisherstad,VT,STORE,IL,West Virginia,LI,58827
84,LOC_Chavezshire_83,9416 Amber Path,New Ryanhaven,UT,WEB,NP,Indiana,BT,28751
85,LOC_South Emilyborough_84,313 Evelyn Crossing,Kellyville,CA,PARTNER,VA,New Hampshire,NP,80146
86,LOC_Martinberg_85,6481 Heather Lodge,Garyshire,OH,STORE,LI,Virginia,PL,64268
87,LOC_Lake Anthony_86,3676 Mitchell Dam Suite 358,Fieldschester,OK,PARTNER,BG,Louisiana,ZW,44199
88,LOC_Karenside_87,531 Raymond Run,Port Megan,LA,PARTNER,IR,Nebraska,TT,49306
89,LOC_West Denise_88,3185 Kimberly Forks,Port Jose,FL,WEB,NP,Maryland,BN,30373
90,LOC_New Martinmouth_89,09934 Petersen Street,Port Nancyview,ME,STORE,AE,Maine,DO,41733
91,LOC_Perezland_90,2064 Melissa Passage,New Austinfurt,MD,PARTNER,VN,Oregon,BF,82314
92,LOC_Sotomouth_91,2663 Susan Ferry,Ashleybury,MI,STORE,ZA,Arizona,PH,21327
93,LOC_West Alexanderside_92,90050 Jennifer Passage,South Angela,WY,STORE,CR,Hawaii,CO,33673
94,LOC_Gregoryville_93,67616 Oconnor Lodge Apt. 292,Lake Amandaville,NM,WEB,BJ,Washington,MZ,77898
95,LOC_Lindsayside_94,17482 Richardson Bridge Apt. 340,Carterland,FM,WEB,GN,Pennsylvania,TW,22014
96,LOC_West Amandatown_95,265 Kimberly Parkway Suite 768,Savageland,OR,PARTNER,GD,New Mexico,UZ,20828
97,LOC_New Beth_96,626 Jessica Well,Julieland,ME,WEB,DO,Alabama,SV,20229
98,LOC_Andersonton_97,9853 Gibbs Mews,New Sean,IL,STORE,PY,Washington,AM,39252
99,LOC_Jorgeside_98,0074 Mullins Roads Apt. 985,Kylieport,FM,WEB,BZ,Alabama,GH,13874
100,LOC_West Richard_99,31077 Pineda Burg,Foleyview,GA,PARTNER,AU,Nevada,CO,47880
101,LOC_Mooreberg_100,349 Robertson Junctions,Nolanmouth,IN,PARTNER,CY,Pennsylvania,PE,48816
102,LOC_Lake Penny_101,386 Jeffrey Squares,West Linda,IN,STORE,RW,Arkansas,TH,41987
103,LOC_Combsbury_102,864 Carr Knolls Suite 071,Jenniferside,MI,WEB,PE,Colorado,PY,62764
104,LOC_Singhtown_103,94390 Campbell Heights,Ashleyport,ID,WEB,ZW,Alaska,SC,96042
105,LOC_Prestonville_104,577 Wallace Canyon Apt. 189,Allenburgh,WI,STORE,LI,Nevada,BO,35258
106,LOC_New Madison_105,8722 Hensley Rest,North Jamesburgh,NC,WEB,GD,Kentucky,CH,28171
107,LOC_Lake Shannonside_106,39040 Michael Lock,Rebeccashire,MT,PARTNER,SM,Kentucky,MU,17834
108,LOC_North Kimberly_107,487 Patrick Plaza,New Christopherstad,MA,STORE,ST,Utah,FM,12528
109,LOC_Port Pamela_108,16334 Cheryl Centers,North Albert,AR,WEB,AU,Arizona,HN,19443
110,LOC_Jamestown_109,5594 Crawford Lodge,Port Rachel,MO,STORE,ML,New York,IL,46806
111,LOC_Jacksonbury_110,93093 Miller Lakes Apt. 625,North Sharon,OK,STORE,CU,Arizona,MR,81283
112,LOC_West Kirstenshire_111,0474 Barnes Glens,New Connieport,OH,WEB,TJ,New Jersey,ZA,73969
113,LOC_Lake Dylanfort_112,107 Bryan Mountains Apt. 167,New Dillon,AZ,STORE,KP,Hawaii,CO,03799
114,LOC_South Natalieshire_113,98138 Travis Dam Suite 162,Millerside,WY,WEB,VA,Pennsylvania,TW,62780
115,LOC_Campbellport_114,514 Amanda Hills Apt. 120,New Melinda,CA,PARTNER,IN,Rhode Island,BT,86422
116,LOC_Lopezborough_115,3221 James Island Suite 486,North Joelland,NV,PARTNER,GE,Indiana,US,51026
117,LOC_Courtneyport_116,541 Raymond Expressway,Wallhaven,VA,WEB,NP,Maine,IE,31661
118,LOC_Raymondfort_117,910 Brady Burgs Apt. 544,Jamesville,AR,STORE,NZ,Georgia,SA,07065
119,LOC_South Anna_118,118 Jessica Forges Apt. 223,Lake Alison,HI,PARTNER,MG,Rhode Island,BR,64188
120,LOC_Rachelshire_119,90171 Christensen Spring,South Laura,MN,WEB,SL,New Hampshire,UA,61700
121,LOC_North Richardborough_120,185 Elliott Falls Suite 534,Morrowchester,IN,PARTNER,PY,Oklahoma,MN,48048
122,LOC_Watsonville_121,21541 Johnson Plaza,Reillyburgh,MS,STORE,SK,Rhode Island,IE,57342
123,LOC_Lake Francisco_122,7246 Camacho Underpass,East Miguelport,MT,WEB,LT,Minnesota,UY,21785
124,LOC_Laurenland_123,404 Michelle Wells,Lake Alexander,MT,WEB,ID,Indiana,NR,11045
125,LOC_New Phillipville_124,90258 John Crossroad Apt. 748,Coopertown,CO,PARTNER,PH,Alaska,FR,32800
126,LOC_West Leah_125,510 Roberts Haven,Walkerberg,MN,PARTNER,PG,Alaska,GD,07914
127,LOC_East Tracey_126,9987 Watts Forest Suite 823,Port Jonmouth,NJ,WEB,NZ,Georgia,TZ,02104
128,LOC_Stephaniemouth_127,1310 Robinson Mountain Suite 774,Lake Joshua,NC,STORE,MZ,Vermont,BW,87958
129,LOC_Harrismouth_128,097 Mcclure Square,Youngport,PA,WEB,DE,Pennsylvania,ER,36715
130,LOC_North Brian_129,1227 Brown Ports,West Jessicafort,DE,PARTNER,AM,Illinois,LB,46551
131,LOC_Josephstad_130,5815 Paige Shoal,Port Brianview,PW,PARTNER,KM,Maryland,LU,50629
132,LOC_Smithmouth_131,0884 Jimenez Square Apt. 114,West Lisa,MP,STORE,IN,Illinois,KH,65031
133,LOC_Stewartstad_132,925 Mark Pass Suite 453,Jonathanbury,MS,WEB,CL,Kansas,IN,61445
134,LOC_North Samanthamouth_133,13280 Tammy Road,Lake Mary,MA,PARTNER,CF,Alaska,AD,66107
135,LOC_West Kristinebury_134,423 Lozano View,Sherryton,HI,PARTNER,GM,Virginia,GB,57883
136,LOC_North Johnberg_135,6905 Oscar Roads,New Leslieton,WA,WEB,SZ,Illinois,NL,55336
137,LOC_Ashleyburgh_136,9373 Daniel Trafficway Apt. 219,Wangshire,UT,STORE,CF,Michigan,ML,66537
138,LOC_Hannahchester_137,586 Perez Heights Suite 304,Mcmahonmouth,MS,WEB,QA,South Dakota,TN,61856
139,LOC_Deannabury_138,443 Chad Turnpike Suite 828,Rogersside,MN,PARTNER,IQ,New Jersey,SL,87463
140,LOC_South Michaelbury_139,36090 Richard Valley Suite 223,North Karafurt,TN,PARTNER,KP,Montana,PH,60882
141,LOC_Lake Marie_140,8230 Porter Extensions Apt. 236,West Rubenland,IA,STORE,MT,Rhode Island,JO,49882
142,LOC_East Sara_141,609 Brian Orchard,West Kyle,MT,STORE,AD,Kansas,LT,80673
143,LOC_Stewartmouth_142,454 Griffith Trail Apt. 006,Hillfurt,GA,STORE,TT,Maryland,DM,88125
144,LOC_Robertsshire_143,3200 Sandy Mountain Apt. 408,East Jacob,AZ,WEB,LI,Connecticut,BZ,56717
145,LOC_New Emily_144,05716 Judith Mill Apt. 604,Joanneside,SC,STORE,RW,Wisconsin,NR,75809
146,LOC_Montgomeryshire_145,937 Jeffrey Flats,Jacksonland,AZ,STORE,BT,Rhode Island,IL,75403
147,LOC_Riggsville_146,791 Washington Lodge,Timtown,NJ,WEB,PK,Maryland,CL,75115
148,LOC_New Geneside_147,92642 Cisneros Place,Brownmouth,MN,STORE,TT,Rhode Island,EC,41383
149,LOC_Griffithtown_148,3609 Khan Ferry Suite 391,North Michaelville,MA,STORE,FR,South Carolina,OM,15090
150,LOC_New Anna_149,67118 Melissa Canyon,Brianbury,WA,STORE,PT,Michigan,RW,41778
151,LOC_West Tiffany_150,6977 Valerie Forges,South Jeremyhaven,FM,WEB,IL,Massachusetts,LB,02374
152,LOC_New Jeffrey_151,5529 Jonathan Cliff,Jimenezbury,LA,PARTNER,PT,South Dakota,AU,80415
153,LOC_Oliviaton_152,594 Flores Point,East Monica,MA,PARTNER,VC,Missouri,SV,67055
154,LOC_Lake Brian_153,021 Campbell Summit Suite 304,Brooksview,CA,PARTNER,TZ,Minnesota,MY,78901
155,LOC_Victoriaport_154,4723 Johnson Extensions,Hunterstad,GA,WEB,TM,West Virginia,CI,97502
156,LOC_Lake Renee_155,0163 Smith Junctions,New Brianaview,MD,STORE,PL,Wyoming,GE,17790
157,LOC_Port William_156,408 Thompson Dam,North William,WA,WEB,BW,Idaho,IN,95582
158,LOC_Travisside_157,498 Robert Locks,Lake Gabriella,ND,STORE,TV,New Mexico,JO,14530
159,LOC_New Kayleeton_158,078 Dillon Glen Suite 458,West Kenneth,PW,WEB,DZ,Oklahoma,GN,22844
160,LOC_Lake Darlenechester_159,030 Orozco Lights Suite 825,East Williamborough,FM,STORE,GH,New Jersey,IS,12570
161,LOC_Saraview_160,485 Jones Groves,North Phyllisshire,OR,STORE,KW,Nebraska,SL,73692
162,LOC_East Kendraburgh_161,46043 Victor Neck Suite 463,North Wesley,FM,WEB,HT,Vermont,KN,64702
163,LOC_Lake John_162,6799 Perez Hills,Port Williamshire,GA,PARTNER,NR,Arizona,UG,90354
164,LOC_Raymondstad_163,10903 Moore Locks Apt. 837,North Nicholasstad,AR,WEB,SI,New Jersey,EC,26542
165,LOC_Mariastad_164,9929 Kayla Ridges,Stevenview,MN,PARTNER,VA,Ohio,ST,28504
166,LOC_Bradybury_165,8657 Daniel Ports Suite 205,Sandraville,MT,WEB,AU,Arkansas,ER,11880
167,LOC_Dianamouth_166,66204 Schneider Loaf Apt. 851,Rebeccaton,IA,STORE,LK,Vermont,ER,71034
168,LOC_Port Thomas_167,36738 Daniel Point,Lake Kaylaton,AL,STORE,IR,Delaware,IL,93774
169,LOC_Port Rachael_168,21897 James Vista Apt. 367,North Richard,FL,PARTNER,MX,Idaho,LB,65206
170,LOC_Benjaminville_169,27678 Dalton Square Apt. 409,West Ariel,MN,PARTNER,KE,Texas,PL,66099
171,LOC_New John_170,64637 Anna Plaza,East Joanna,DE,STORE,SD,New Mexico,IR,31840
172,LOC_Wilkersonberg_171,10880 Armstrong Prairie Apt. 431,New Steventown,MN,PARTNER,BE,Colorado,SV,52364
173,LOC_New Kathleen_172,737 Leslie Ports,West Sandra,ME,STORE,MN,Arizona,TW,67710
174,LOC_Robertside_173,0627 John Union Suite 588,Kerryview,SC,PARTNER,BE,Vermont,NZ,87055
175,LOC_East Tiffanyville_174,6182 Steven Summit Apt. 810,Burnsmouth,AR,PARTNER,HU,Nevada,SN,72739
176,LOC_Jessicaport_175,3213 Marc Pine,South Christophermouth,VT,WEB,BB,Arizona,NI,57777
177,LOC_Wesleyside_176,162 Vasquez Camp,Anthonyville,SD,STORE,MX,Utah,NP,10290
178,LOC_West Jenniferland_177,5908 Lisa Brooks,South David,VA,WEB,MZ,California,BD,97122
179,LOC_South Wendyberg_178,64157 Brett Fords,Smithtown,MS,WEB,MM,New Mexico,IL,49983
180,LOC_New Elijahfurt_179,850 Johnson Valley,Davidton,WV,PARTNER,VN,Mississippi,BA,43526
181,LOC_East Rebekah_180,6097 Jackson Pass,Alexandriaberg,IA,PARTNER,BN,Maryland,ME,78546
182,LOC_Edwardsberg_181,5341 Hanson Junction Apt. 597,East Ronaldburgh,NV,STORE,BB,Mississippi,SO,64550
183,LOC_South Jasonmouth_182,393 Megan Parkway Apt. 868,Anthonyport,MI,WEB,CR,Arizona,NZ,09165
184,LOC_Smithside_183,260 Ashley Trafficway,North Michaelport,WA,WEB,KR,Wisconsin,SI,00845
185,LOC_Christinaland_184,50218 Alexander Highway,South Oscarside,AR,PARTNER,TG,Utah,BS,11747
186,LOC_Meganton_185,60345 Eddie Extension Suite 994,Lake Candace,LA,STORE,HR,South Carolina,LB,80510
187,LOC_Edwardsmouth_186,68959 Thomas Knoll,Loriville,DE,STORE,IT,Maine,VU,72947
188,LOC_Lisatown_187,96654 Rogers Forks Apt. 432,Christystad,NV,PARTNER,PL,Delaware,TT,43424
189,LOC_East Jasmine_188,74052 Robert Prairie Apt. 287,Port Isabel,NV,WEB,ML,California,IQ,37557
190,LOC_Port Frank_189,624 Caitlin Ridge Suite 847,Moranport,VA,PARTNER,MY,Alabama,HN,45989
191,LOC_Port Christina_190,8858 Crystal Plains Suite 137,Port Carlosbury,NJ,STORE,PS,Massachusetts,PL,14327
192,LOC_North Walter_191,138 Christopher Grove,Fernandezland,MI,PARTNER,LB,New York,VC,76295
193,LOC_Jessicaview_192,95339 Angela Vista Apt. 684,East Michelle,VI,STORE,CN,Kentucky,SN,45091
194,LOC_Warrenborough_193,2282 Jasmine Island Suite 161,Port Todd,ND,PARTNER,KM,Nebraska,BB,91109
195,LOC_New Amy_194,9445 Caitlin Oval Suite 870,West Jasonhaven,MP,STORE,SK,Oregon,CA,25907
196,LOC_Lake Micheleborough_195,6540 Daniel Street Suite 952,Lake Joseph,PW,STORE,CA,Tennessee,LB,65832
197,LOC_Comptonshire_196,158 Perez Park,Elliottborough,NJ,WEB,PK,Pennsylvania,TV,50013
198,LOC_Benjaminstad_197,800 Kristie Knoll,East Jefferyborough,TX,WEB,DZ,Alabama,EC,25224
199,LOC_Katieborough_198,880 Richard Burg,Port Barry,IL,PARTNER,IT,Alabama,MW,77863
200,LOC_South Jeanettestad_199,9413 Johnathan Rapid,Sharonshire,NH,WEB,JM,Oregon,NL,63233
201,LOC_East Jonathan_200,094 Macias Land Suite 786,Calderonfort,VI,STORE,NR,Pennsylvania,DZ,64514
202,LOC_Samuelberg_201,44294 Garcia Ferry,Kingmouth,ME,PARTNER,CZ,North Carolina,CM,43287
203,LOC_Davismouth_202,71850 Jordan Forks Apt. 676,Bradleyshire,IA,PARTNER,ES,Nebraska,JO,76282
204,LOC_East Lorishire_203,11241 Meza Harbors Apt. 167,Lake Lisastad,VI,WEB,CD,Colorado,DJ,97485
205,LOC_New Jesseshire_204,80311 Williams Plaza,West Jeffrey,DE,PARTNER,JM,Pennsylvania,NO,42608
206,LOC_Port John_205,1842 Mitchell Bypass Apt. 342,New Melissamouth,WA,WEB,BR,Washington,LV,17905
207,LOC_Racheltown_206,9304 Stephanie Ramp,East Edwardhaven,WI,WEB,ER,Idaho,GD,05873
208,LOC_Walterstown_207,7196 Williams Cliff Suite 973,Port Autumnview,CA,STORE,NE,Arkansas,NO,18223
209,LOC_Lake Angelica_208,407 Margaret Ridges Suite 854,South Bobby,AS,PARTNER,CU,Washington,LK,06798
210,LOC_North Aaronburgh_209,0112 Pamela Tunnel,Bryanborough,PW,WEB,US,Alaska,MK,90688
211,LOC_Marcusside_210,28117 Knapp Extension Suite 052,South Laura,HI,STORE,ZM,Kansas,BN,52052
212,LOC_North Jody_211,708 Elizabeth Pass,Michaelmouth,MN,WEB,CH,North Carolina,AE,35122
213,LOC_Shawland_212,730 Payne Hill,Wheelerside,CT,PARTNER,PA,Mississippi,GH,26296
214,LOC_Davisville_213,60832 Chen Glen,East Zacharytown,OR,WEB,SB,Alaska,ER,96701
215,LOC_Mooreland_214,26754 Carter Well,East Nathanland,GA,STORE,ZW,South Dakota,LI,45220
216,LOC_New Thomas_215,086 Levy Centers Suite 675,Port Abigailshire,MA,WEB,EE,Indiana,AF,78619
217,LOC_West Andresstad_216,1639 Wood Inlet Suite 462,Madelinefort,NY,PARTNER,NI,Alabama,LU,80718
218,LOC_Kimberlyview_217,38508 Garrett Prairie Suite 900,Kevinfurt,IL,PARTNER,VN,Louisiana,SA,89206
219,LOC_Charlesborough_218,1291 Christopher Village Suite 651,North Andrew,CT,STORE,TL,Nevada,GA,14017
220,LOC_Lake Michael_219,13999 Joshua Valleys,Walkerview,OK,WEB,KZ,West Virginia,LR,20157
221,LOC_North Richardstad_220,7621 Adam Landing Suite 002,Lake Victoriamouth,MO,PARTNER,GT,Oregon,IN,02386
222,LOC_East Jenna_221,95313 Hamilton Bypass,Port Denise,NJ,WEB,HN,Arizona,NI,43630
223,LOC_Williamchester_222,1634 Roy Groves Apt. 214,East Christopherview,ND,PARTNER,US,Georgia,IN,42184
224,LOC_Martinezview_223,425 Mitchell Points Suite 954,East Amber,IA,STORE,TH,Missouri,ET,82106
225,LOC_West Brianburgh_224,932 Spencer Track,Brandonberg,VI,WEB,BE,Wisconsin,PA,18255
226,LOC_Port Erica_225,03141 Gray Centers,North John,VI,WEB,BS,Arkansas,IL,33992
227,LOC_West Ronald_226,230 Brandon Throughway,Port Cynthiastad,SD,STORE,IQ,Oregon,TR,59566
228,LOC_West Cody_227,64358 Timothy Street,Perkinstown,GA,STORE,HR,Tennessee,GR,91506
229,LOC_Valerietown_228,8699 Curtis Mission Apt. 099,Karaton,KY,STORE,VU,Wisconsin,BH,18318
230,LOC_Hudsonport_229,015 Ryan Mission,Gonzalezberg,NV,PARTNER,CA,West Virginia,NA,88251
231,LOC_East Ethanbury_230,812 Kidd Groves Suite 835,Lisaville,VT,PARTNER,IN,Texas,LI,89719
232,LOC_Brandonview_231,78082 Wanda Plain,Michaelberg,WI,WEB,ST,Michigan,PA,24156
233,LOC_Adamsshire_232,098 John Shore,Stewartborough,KS,PARTNER,PK,Rhode Island,BD,75873
234,LOC_East Michelle_233,89525 Liu Harbors,New Jamesstad,ND,STORE,SB,North Carolina,PL,81406
235,LOC_Matthewstad_234,3883 Peterson Meadow,Warrenside,GA,WEB,BR,Hawaii,BG,46052
236,LOC_Millertown_235,79209 King Plains Suite 320,Heatherport,AS,PARTNER,BJ,Arizona,YE,21361
237,LOC_North Kristy_236,3818 Jones Stream Apt. 544,Mitchellstad,NY,WEB,SV,Illinois,LS,29140
238,LOC_Williamsville_237,08785 Brett Mall Apt. 550,Charlesshire,TN,PARTNER,ST,Utah,CZ,37774
239,LOC_Daniellemouth_238,748 Kathleen Mills,Parkerport,NY,WEB,DM,Virginia,LR,54194
240,LOC_West Kimhaven_239,8613 Brown Locks Suite 720,East Timothy,LA,WEB,TT,Maine,AG,54368
241,LOC_Port Nathanieltown_240,274 Wyatt Forest Suite 501,North Jacobberg,MP,STORE,RO,Massachusetts,BY,48769
242,LOC_Port Lucas_241,039 Melissa Pines,Leviton,IN,STORE,TR,South Dakota,AE,43894
243,LOC_Lake Benjamin_242,0116 Powell Hills Apt. 852,Coreybury,DE,PARTNER,AO,North Dakota,SO,46568
244,LOC_Port Cassandra_243,62148 Timothy Glen Apt. 326,Davisstad,NC,WEB,MT,Arizona,CR,36887
245,LOC_North Annette_244,742 Hayes Stravenue Apt. 168,Doylehaven,MD,PARTNER,BH,New Mexico,IS,78137
246,LOC_North Deniseland_245,0294 Harper Shoal Suite 820,Zhangstad,MH,STORE,TT,Pennsylvania,KI,74491
247,LOC_Jeffreyfort_246,95558 Tammy Tunnel Apt. 601,Boyerville,NE,PARTNER,NE,South Dakota,PG,04291
248,LOC_Hectorburgh_247,673 Turner Trafficway,Port Josephton,AZ,PARTNER,NG,Idaho,PY,24808
249,LOC_South Johnfurt_248,995 Robert Ways,Coxtown,KS,WEB,KP,Wisconsin,DK,26659
250,LOC_Russellchester_249,81982 Salinas Crossroad,Stephanieport,SC,PARTNER,OM,New Jersey,MV,08239
251,LOC_Davisburgh_250,4391 Klein Burgs Suite 649,Robertmouth,ND,WEB,QA,New Hampshire,MN,59503
252,LOC_Sharonton_251,8004 Lori Villages Suite 153,Robertton,UT,WEB,EG,Arizona,IE,86321
253,LOC_North Barbara_252,6826 Tamara Prairie,Bellport,OR,PARTNER,AM,Hawaii,CF,63309
254,LOC_Santosburgh_253,42300 Margaret Shores Suite 134,North Hannah,NV,WEB,LT,Alaska,SZ,27532
255,LOC_Brownfurt_254,0474 Fuller Gateway,Port Brianmouth,PW,PARTNER,BH,Arkansas,DJ,75461
256,LOC_Hansenport_255,441 Laurie Shore Apt. 802,Jamesmouth,OH,PARTNER,QA,California,SN,37954
257,LOC_Davidfurt_256,79568 James Motorway,North Rachelmouth,TX,WEB,BT,Wisconsin,TG,50002
258,LOC_South Dianafurt_257,24863 Williams Divide,Jefferyberg,LA,WEB,KR,Massachusetts,MW,74489
259,LOC_Lake Troyburgh_258,40373 Rodriguez Shoals,Williamsmouth,RI,PARTNER,LC,Idaho,CY,96036
260,LOC_Davidtown_259,9344 Jose Valley Apt. 285,Chelseabury,OK,PARTNER,EE,Montana,GH,11537
261,LOC_North Nicholasborough_260,45252 Hicks Brooks Apt. 081,Kellerhaven,AZ,WEB,IL,Texas,MW,54171
262,LOC_Kellystad_261,87896 Matthew Mission Suite 626,Maryhaven,NH,STORE,MD,Utah,FJ,12319
263,LOC_Normanburgh_262,894 Amy Meadows,New Jeffrey,SD,STORE,ST,New York,NR,48349
264,LOC_Dicksonstad_263,393 Jacobson Turnpike Apt. 590,Colemanborough,TN,WEB,AT,Wyoming,SK,52614
265,LOC_Lake Sherryland_264,86109 Mary Key Suite 822,Hannahtown,OK,WEB,MX,Nebraska,JO,78200
266,LOC_New Samantha_265,9851 Mario Harbors,Johnbury,TN,PARTNER,DK,Utah,CH,63757
267,LOC_Ronaldfurt_266,1707 Melissa Square Apt. 711,Johnsonshire,ND,STORE,AG,Ohio,MN,66915
268,LOC_Christinetown_267,983 Cole Harbor Apt. 439,Cynthiachester,MS,PARTNER,BO,New Mexico,LV,23519
269,LOC_Davidstad_268,63234 James Rapids Apt. 792,Reginaland,SD,STORE,ES,Rhode Island,GR,41384
270,LOC_Fordport_269,3927 Victoria Curve,West Nicolemouth,FL,PARTNER,PA,Kansas,SR,93562
271,LOC_Port Teresabury_270,8578 Robinson Bridge Apt. 692,Port Frank,RI,PARTNER,FJ,Maine,LS,28826
272,LOC_South Jodishire_271,83189 Brandy Courts Suite 589,East Georgechester,DE,STORE,SN,Wyoming,ES,71550
273,LOC_West Richard_272,191 Valerie Plaza,Port Kimberly,RI,PARTNER,MA,Washington,US,81057
274,LOC_Lake William_273,3629 Stone Manors Suite 220,Christopherbury,MO,STORE,AR,Massachusetts,KE,60463
275,LOC_Robertton_274,9202 Jones Ways,North Shannonhaven,TN,STORE,CG,South Carolina,PT,61841
276,LOC_South Randallton_275,311 Hudson Underpass Apt. 604,Michaeltown,HI,PARTNER,LI,Florida,FM,08039
277,LOC_New Marilyn_276,28033 Andrew Turnpike,East Amber,PW,PARTNER,DZ,Nevada,FJ,37499
278,LOC_West Kristinville_277,55852 Powers Fields,East Dylan,MO,STORE,MC,West Virginia,RO,32318
279,LOC_South Rebeccaland_278,916 Scott Light,North Samantha,PW,PARTNER,PE,Alaska,RU,19714
280,LOC_East Katrina_279,7262 Eric Parks Suite 022,Port Michael,GA,WEB,CM,Delaware,UG,22596
281,LOC_Jefferyport_280,9383 John Cove,West Kayleeview,PW,STORE,TD,Georgia,CN,19597
282,LOC_New Judithmouth_281,3855 Mayo Forest,East Laurieport,PA,PARTNER,KP,North Dakota,AT,00577
283,LOC_Hernandezville_282,2324 Samantha Mountain,West David,DE,STORE,LK,Colorado,LA,33713
284,LOC_West David_283,504 Duran Crossing Suite 131,Vargasland,ND,STORE,GA,Utah,UG,99797
285,LOC_Vickifort_284,35207 West Green Apt. 910,Port Douglasburgh,SD,WEB,LV,Massachusetts,LS,59600
286,LOC_Boyerbury_285,099 Lindsey Parkways,East Jasonmouth,MH,PARTNER,TO,Oregon,PH,88663
287,LOC_North Amandaville_286,780 Kristin Lane,Nathanielshire,NM,PARTNER,QA,Indiana,AR,45815
288,LOC_South Davidstad_287,43035 Perez Point,Kellyfurt,IN,WEB,LI,New Mexico,CF,85070
289,LOC_South Diana_288,15288 Sloan Groves,Stevenshire,AR,WEB,ZM,North Carolina,TM,70766
290,LOC_West Christopherstad_289,49673 Edward Field Apt. 840,Jacobsview,AR,WEB,AM,Indiana,CV,49736
291,LOC_Katherinechester_290,2262 Ware Plain,New Jessica,HI,WEB,TW,Wyoming,KR,69539
292,LOC_Warrenport_291,54052 Catherine Coves Apt. 493,Hawkinsfort,CT,STORE,CZ,Mississippi,CV,05821
293,LOC_Carterville_292,54511 Vazquez Park,Housemouth,CT,WEB,DZ,Michigan,UY,98000
294,LOC_Martinezhaven_293,57715 Summers Forks Apt. 962,Jerrymouth,NC,STORE,AG,Missouri,SG,55368
295,LOC_South Joshuashire_294,17969 Lydia Drive,East Danielletown,GU,PARTNER,MU,Hawaii,CU,84239
296,LOC_Riveraside_295,5105 Donald View Apt. 681,South Amanda,KS,PARTNER,FM,Missouri,CA,94411
297,LOC_North Cynthia_296,004 Jones Courts,Dannyport,AS,WEB,SB,Oklahoma,GE,48769
298,LOC_Bakerfort_297,2759 Michael Cape Apt. 364,Turnerfurt,MT,PARTNER,ZW,New Jersey,PT,35610
299,LOC_West Lindashire_298,4923 Jesus Loop,Perezport,PR,STORE,NP,Indiana,UY,62401
300,LOC_Yangville_299,216 Andrea Stream,East Rebecca,GU,PARTNER,EC,Tennessee,UA,59590
301,LOC_Port Melinda_300,92009 Walter Via Apt. 723,Lake Charles,UT,PARTNER,BD,Florida,PS,70880
302,LOC_Ricardofurt_301,73722 James Spring,Michelleview,MP,WEB,NI,Louisiana,CF,76726
303,LOC_Valdezview_302,7925 Donna Highway,Lake Dustin,WI,WEB,SY,Connecticut,NE,30128
304,LOC_Christinehaven_303,251 Erik Isle Suite 264,South Frank,KS,STORE,MG,Alaska,IL,46706
305,LOC_Lake Deniseburgh_304,90273 Hobbs Shore,Schmidtberg,VA,STORE,IR,Ohio,AO,13472
306,LOC_Christopherland_305,486 Allen Forks,North Claudia,VI,WEB,OM,Tennessee,CV,56923
307,LOC_Salazarfort_306,26452 Andrea Drive,Dennischester,LA,PARTNER,NL,Connecticut,KW,81727
308,LOC_New Michelle_307,628 Christina Turnpike,Davidfort,NH,STORE,KN,New York,CY,83094
309,LOC_New Brianside_308,24970 Kimberly Haven Apt. 616,South Stephanieside,AL,STORE,UG,Montana,AL,70731
310,LOC_Dennisfurt_309,1448 Calvin Turnpike Suite 525,South Sabrina,NY,STORE,BR,Florida,BS,95146
311,LOC_Port Karen_310,6863 Kelly Rapids Apt. 468,Tiffanyshire,VI,WEB,DJ,Missouri,TT,70409
312,LOC_South Calebfurt_311,30222 Jonathan Lake Suite 978,Brandonstad,RI,WEB,TO,Arkansas,OM,90757
313,LOC_Ronaldberg_312,52857 Holder Burg Suite 140,South Raymondport,MN,STORE,SI,Minnesota,LB,33033
314,LOC_Lake Zachary_313,3795 Christopher Valley Suite 236,West Melissa,WV,PARTNER,IR,Alabama,HR,52681
315,LOC_Hammondville_314,48286 Payne Walk,Wrightmouth,AS,WEB,TV,Kentucky,VC,92062
316,LOC_East Jonathanmouth_315,177 Jessica Fort Apt. 573,Timothyborough,CO,STORE,UY,Colorado,TM,74802
317,LOC_South Janiceburgh_316,832 Christina Cliff,Port Alejandrofort,MO,STORE,KZ,Illinois,AE,71782
318,LOC_Lake Angelatown_317,102 Sarah Village,Waynestad,PR,STORE,LK,Minnesota,SV,02977
319,LOC_Danielleberg_318,88553 Carl Lakes Apt. 618,Chandlershire,VA,PARTNER,SV,Nevada,GW,39524
320,LOC_Pearsonville_319,36496 Douglas Shoals,Robinsonburgh,TX,PARTNER,BE,Wisconsin,MM,46254
321,LOC_Christopherside_320,149 Mora Centers,Debraland,NJ,STORE,HN,West Virginia,JM,53640
322,LOC_Port Kennethview_321,607 Acosta Glen Suite 236,Stephanieview,UT,STORE,MY,Kentucky,BE,68927
323,LOC_Troybury_322,2003 Pittman Grove,Morrisville,PR,STORE,GQ,Alaska,MX,82464
324,LOC_West Dennis_323,2171 Shaun Hills,Kariberg,NE,STORE,MY,Mississippi,CR,03447
325,LOC_West Joshuaside_324,1013 Reyes Ramp,Greenmouth,NV,PARTNER,TJ,Missouri,QA,88112
326,LOC_East Linda_325,054 Clinton Motorway,Morrisonfort,FM,WEB,AT,South Carolina,BW,04268
327,LOC_East Jasonville_326,615 Christina Harbors Suite 283,West Mariatown,NE,PARTNER,DO,Alabama,NE,63444
328,LOC_Antonioland_327,56814 Adam Ports,North Suzannehaven,PA,WEB,VC,Indiana,KR,45137
329,LOC_South James_328,97741 Danielle Trafficway Apt. 910,New Patrickberg,ND,WEB,IQ,Nebraska,MN,19982
330,LOC_Garciaport_329,25958 Paul Lane,Davidmouth,MT,PARTNER,PA,Vermont,GN,66198
331,LOC_North Linda_330,77423 Burns Mills Apt. 556,South Matthew,MD,WEB,EG,Pennsylvania,VU,43912
332,LOC_Johnsonhaven_331,210 Jason Point Suite 537,Port Davidton,NM,PARTNER,ML,Virginia,ZW,14476
333,LOC_Stevenchester_332,804 Penny Expressway,Rodriguezland,KY,STORE,AZ,New York,EG,23053
334,LOC_Davidmouth_333,889 Sara Haven Apt. 737,Robinchester,NC,STORE,BJ,Kentucky,IS,84538
335,LOC_East Kyle_334,93449 Cameron Light,East Erinmouth,NC,PARTNER,BD,Wyoming,AE,21922
336,LOC_Starkport_335,8527 Rodriguez Knoll,Newmanburgh,NC,STORE,LR,South Dakota,BT,05414
337,LOC_Reevesburgh_336,1291 Zachary Cliff Suite 865,Andersonport,NY,WEB,NL,Massachusetts,CI,73948
338,LOC_North Amanda_337,7136 Mosley Ways Apt. 858,South Shanetown,VI,STORE,SY,New Jersey,LB,42232
339,LOC_Jorgechester_338,7010 Angela Street,Lake Jeremy,MO,STORE,ET,Delaware,OM,24325
340,LOC_Santiagobury_339,977 Christina Loaf Apt. 961,Brandytown,NH,WEB,SO,Hawaii,TG,25533
341,LOC_Freemanshire_340,8027 Cruz Shore Suite 021,Port Justin,AK,WEB,BJ,Oklahoma,BH,91443
342,LOC_South Andrew_341,92071 Thomas Harbor,Fishermouth,ND,PARTNER,SV,Maine,HN,28476
343,LOC_Samanthaport_342,0634 Jaime Rapid Suite 597,Lake Karen,DC,STORE,BZ,Delaware,JP,69382
344,LOC_Whitemouth_343,4632 Cook Hill,Karenmouth,NC,PARTNER,CH,Missouri,ML,21061
345,LOC_Mitchellmouth_344,451 David Ways,Hallburgh,MI,WEB,CN,Pennsylvania,HR,45972
346,LOC_Elizabethstad_345,692 Melissa Camp Suite 938,West Kirstenmouth,NM,PARTNER,JP,Nevada,GA,99203
347,LOC_West Patrick_346,64441 Oconnell Ferry,Stefaniechester,CO,STORE,ID,Indiana,BY,79484
348,LOC_Burchfurt_347,59313 Finley Plains Apt. 216,Johnsonfort,IL,STORE,SO,Hawaii,BT,06351
349,LOC_Charleston_348,6442 Richard Pike,North Cassandra,NJ,PARTNER,CR,Wyoming,TH,68862
350,LOC_Melissafort_349,041 Michael Vista,Gutierrezville,WV,PARTNER,CL,Rhode Island,US,43664
351,LOC_Gabrielastad_350,8132 Martinez Drives,Brianfurt,AR,WEB,IN,Wyoming,GQ,06823
352,LOC_Lake Heather_351,528 Beth Cove Apt. 759,Port Angelachester,ND,PARTNER,IN,Missouri,CM,01958
353,LOC_Masonshire_352,91257 Ferrell Unions,South Amy,PR,WEB,MA,New Hampshire,ER,44250
354,LOC_Deborahland_353,29145 Sydney Tunnel,Moralesland,SC,PARTNER,DJ,Minnesota,LT,64079
355,LOC_East Sheilafurt_354,44130 Eric Spurs,Pearsonport,MT,PARTNER,GD,Nevada,NR,99258
356,LOC_Jamesberg_355,474 Tucker Island Suite 221,Marvinborough,VT,WEB,BF,West Virginia,MV,55857
357,LOC_Port Jamesside_356,35117 Brown Cape Suite 978,Port Kimberly,AK,PARTNER,BS,Wisconsin,LI,66441
358,LOC_East Joseph_357,8859 Peterson Landing Apt. 920,Baileytown,IN,WEB,SV,North Carolina,TZ,03233
359,LOC_Michaelbury_358,444 Jeffrey Drive,Benderland,VA,STORE,LT,Georgia,TW,75252
360,LOC_Brownfort_359,4772 Patricia Courts,Macdonaldton,UT,WEB,SL,New Jersey,ES,18850
361,LOC_Joseborough_360,9652 Robert Green Apt. 722,Lisatown,CO,PARTNER,GA,Maine,BA,86444
362,LOC_Millstown_361,5158 Ashley Park Apt. 969,Gonzaleztown,AS,WEB,BH,Montana,KE,85816
363,LOC_Nancyberg_362,3082 Gary Dale,South Steven,MS,PARTNER,IN,Nevada,CY,14870
364,LOC_Danielleport_363,32527 Goodman Street Suite 672,Pooleport,WV,WEB,BB,Minnesota,AU,75394
365,LOC_East Robertfurt_364,8659 Melanie Harbors,Gomezchester,FM,PARTNER,KP,Kansas,SZ,18806
366,LOC_Jamieville_365,988 Norman Squares Apt. 694,North Phillipville,DE,WEB,GW,Georgia,ES,73487
367,LOC_Haleyview_366,803 Robert Locks Suite 992,Nicoleburgh,GA,PARTNER,UY,West Virginia,JM,66625
368,LOC_Port Williamchester_367,21698 Amber Lights Suite 696,Parkertown,OK,WEB,YE,New York,DE,18904
369,LOC_Myersberg_368,9804 Amanda Crossroad,New Theresa,MN,STORE,AL,Washington,MC,86838
370,LOC_Madelinebury_369,1687 Gilbert Brooks Suite 563,Baileymouth,MH,WEB,TH,New York,AT,84265
371,LOC_Port Stevenhaven_370,29092 Harvey Stream Apt. 818,East Anthony,RI,WEB,GM,Alabama,GH,64965
372,LOC_Jenniferland_371,68773 Russo Stravenue,North Ryan,VT,WEB,SZ,Minnesota,SZ,01055
373,LOC_Fullermouth_372,513 Flores Turnpike,Hillview,SD,STORE,AM,Connecticut,KN,53258
374,LOC_Rodgersview_373,002 Billy Points,Carpentertown,RI,WEB,TG,Vermont,CU,36702
375,LOC_Lake Catherineburgh_374,9430 Shannon Expressway Apt. 226,Rachelshire,GA,STORE,NG,Ohio,TD,10118
376,LOC_Ellisborough_375,9803 Cruz Points,Port Robertfort,ID,WEB,NI,Idaho,IS,06721
377,LOC_Lake Bryan_376,130 Carney Motorway,West Donaldchester,PA,STORE,LK,Louisiana,FR,66333
378,LOC_Duncanport_377,638 Green Springs Suite 191,Johntown,AL,PARTNER,PK,Illinois,KP,22974
379,LOC_Tarabury_378,6648 Brandi Branch Suite 583,Stevenport,PA,STORE,OM,Idaho,HU,30053
380,LOC_Port Amymouth_379,314 Jill Stravenue,Port Maria,TX,STORE,ER,Massachusetts,TM,38578
381,LOC_North William_380,9014 Thomas Points,New Danielle,WY,PARTNER,KR,Arkansas,DK,28099
382,LOC_Brandonside_381,4448 Glenn Mill,Karifurt,ME,STORE,BY,Illinois,JP,22241
383,LOC_Jonesport_382,91900 Jackson Shore Suite 393,Spencertown,VT,WEB,MD,Michigan,GQ,34767
384,LOC_Odomshire_383,166 Cox Course Suite 022,Horneport,VI,WEB,PE,New Hampshire,AU,51350
385,LOC_Daviesstad_384,233 David Passage,West Ronald,ME,WEB,BD,Nevada,SC,18721
386,LOC_Heatherborough_385,93803 Adam Groves,West Tricia,OH,STORE,CD,Maryland,VN,02850
387,LOC_East Kenneth_386,3348 Hill Harbor Suite 763,Destinyfurt,NJ,PARTNER,SB,Colorado,NZ,74011
388,LOC_Mccannbury_387,3788 Lorraine Mill,Lauraberg,NV,WEB,TH,Rhode Island,BH,55464
389,LOC_Port Kylefurt_388,52176 Parker Freeway,North Terrihaven,MT,PARTNER,BW,Ohio,AZ,08528
390,LOC_North Stevenborough_389,35730 Frazier Ports Apt. 330,East Mark,NC,WEB,UA,Florida,KZ,94057
391,LOC_Loristad_390,77462 Sara Shores,East Raymondport,NJ,PARTNER,LT,Wisconsin,BA,80848
392,LOC_Burgessfort_391,27020 Kelley Ports Apt. 488,Thomasborough,ID,WEB,SY,Delaware,BJ,37058
393,LOC_Watsontown_392,35512 Colleen Vista,Port Lindseyberg,ME,PARTNER,GT,Arizona,EC,63456
394,LOC_Stevenfort_393,3507 Anderson Passage Suite 985,South Anthonybury,AS,WEB,BO,Hawaii,BJ,13817
395,LOC_Jessicamouth_394,543 Andrea Crossing,Port Rebecca,IA,STORE,TN,Colorado,SB,03448
396,LOC_South Jessicaberg_395,40183 Ali Court Apt. 145,East Katherine,AR,PARTNER,GH,Wisconsin,MG,62406
397,LOC_Gonzalezfurt_396,9151 Donaldson Expressway Apt. 711,East Darryl,WV,STORE,MN,North Carolina,CM,00797
398,LOC_Peggyside_397,340 Amy Shores,Amberville,CO,PARTNER,SE,Vermont,IN,54692
399,LOC_Port Monicaville_398,414 Lisa Parkways Suite 786,Herringfort,NV,WEB,TT,Minnesota,SC,25497
400,LOC_Andrewchester_399,70256 Ashley Valley Suite 378,Thomasburgh,MN,PARTNER,KH,Maine,GQ,90012
401,LOC_Port Jennifer_400,0378 Tyler Spur Suite 892,Robertburgh,NE,WEB,RU,Connecticut,SK,91147
402,LOC_North Lauren_401,837 Harrison Land,Port Marissa,LA,WEB,SC,Massachusetts,IL,24562
403,LOC_East Tracy_402,529 Ricky Curve Suite 334,Smithhaven,CA,WEB,VU,Wisconsin,PH,05013
404,LOC_Audreychester_403,5062 Gutierrez Burgs,South Charles,VA,PARTNER,SR,New Mexico,ZW,29238
405,LOC_East Jameshaven_404,2603 Philip Mews Suite 310,East Amberburgh,GA,PARTNER,LI,California,BO,58585
406,LOC_Kathrynmouth_405,4177 Jacob Land,Michellehaven,VA,WEB,BI,Oklahoma,JO,34101
407,LOC_Lake Hannahville_406,541 Huang Manors Suite 243,East Tarabury,TN,WEB,CF,North Dakota,SY,05639
408,LOC_Cochranchester_407,1261 Fox Run,Lake Michael,NM,STORE,GB,Louisiana,GN,12997
409,LOC_West David_408,08431 Perez Rest,South Mark,CO,STORE,PK,Wisconsin,KP,14413
410,LOC_Melissamouth_409,069 David Mission,Amyland,VI,STORE,PH,Florida,IN,21712
411,LOC_South Meganview_410,781 Megan Stream,East Ryan,IN,STORE,PG,Wyoming,KN,96374
412,LOC_New Moniqueburgh_411,7808 Timothy Underpass Apt. 094,Clayton,KY,WEB,TJ,New York,LC,54982
413,LOC_Bergmouth_412,088 Brian Junction,Port Allisonport,AL,WEB,GA,New Mexico,AD,85629
414,LOC_Aaronshire_413,5056 Marquez Fort Suite 416,Andreaburgh,NV,WEB,PL,Indiana,GN,51298
415,LOC_Kariton_414,2181 Barker Dale,Chasetown,NH,WEB,HN,Utah,BG,72146
416,LOC_Chambersmouth_415,739 Ashley Court,Watsonhaven,FM,PARTNER,PY,New Jersey,ET,64230
417,LOC_West Tristantown_416,2894 Harris Summit,West Lori,UT,WEB,LI,Minnesota,ET,96648
418,LOC_Port Andre_417,113 Stone Pines Apt. 213,South Jenniferside,SC,WEB,LI,Utah,NO,58421
419,LOC_Jonathonborough_418,01690 Flowers Trail Apt. 107,Foxshire,IL,PARTNER,GW,Wyoming,CD,81563
420,LOC_Manueltown_419,46816 Patricia Meadows,North Jillstad,NV,STORE,RO,Hawaii,ER,39521
421,LOC_Lake Sharonstad_420,655 Lee Stream,South Hannahview,NY,STORE,GH,West Virginia,SV,15509
422,LOC_Petersmouth_421,7500 Cooper Fords,New April,NH,WEB,RS,Indiana,CZ,78480
423,LOC_Lake Cassandraborough_422,7139 Briggs Points,Alexchester,IL,WEB,FM,Michigan,IQ,86861
424,LOC_Robertamouth_423,495 Lance Bypass,Michelleville,DE,STORE,RO,Rhode Island,VU,48992
425,LOC_Burnettside_424,4054 Miller Skyway,New Kevinside,KS,PARTNER,CN,New Hampshire,US,68043
426,LOC_West Alexis_425,34916 Porter Rapid,Mariaville,VA,WEB,BB,Iowa,IR,92901
427,LOC_Sanchezport_426,8811 Robin Corners Suite 272,Lake Jeffery,LA,STORE,LC,Alaska,OM,98953
428,LOC_Hendricksfort_427,6359 Mary Divide Apt. 247,Port Heatherburgh,KY,WEB,SL,West Virginia,CO,73888
429,LOC_West Michaelhaven_428,4253 Taylor Hill,Fordtown,AZ,WEB,US,Colorado,NZ,97847
430,LOC_New Robertville_429,5241 Cheryl Tunnel Suite 864,Port Charles,NJ,PARTNER,AR,Arkansas,ME,96863
431,LOC_Nicholasfurt_430,976 Ian Trail Apt. 219,Genechester,AL,WEB,ME,Kentucky,HU,87445
432,LOC_Saraberg_431,05107 Miller Oval,Petersonbury,AS,PARTNER,NL,Maryland,IT,68235
433,LOC_North Donna_432,702 Alexis Forges,South Steve,KS,PARTNER,US,New York,AT,22983
434,LOC_Thomasmouth_433,1409 Dale Club,Martinborough,MT,WEB,JO,Wisconsin,GE,68867
435,LOC_Markstad_434,8324 Murray Summit Suite 130,Bakerborough,VT,PARTNER,NR,Vermont,TW,97606
436,LOC_West Melissaland_435,431 Gordon Islands Apt. 170,Heatherview,KY,WEB,MM,Wisconsin,YE,07265
437,LOC_Walkerland_436,679 Parks Gardens Suite 948,Lake Anthonyport,RI,PARTNER,CL,California,CO,33837
438,LOC_North Tamaramouth_437,915 Joseph Pass,East Doris,SC,STORE,TH,South Carolina,AT,91079
439,LOC_West Steven_438,521 Cordova Ways,Timothyshire,PA,PARTNER,IL,Iowa,SM,49994
440,LOC_Matthewston_439,8905 Arnold Gateway Suite 530,Jacobborough,MP,STORE,DK,Kansas,KI,16546
441,LOC_East Kathleen_440,41056 Katelyn Ferry Apt. 582,Johnshire,AL,PARTNER,SE,Indiana,NE,66023
442,LOC_Sophiatown_441,788 Ethan Spurs,Kimberlyshire,OH,STORE,DM,South Carolina,CD,52816
443,LOC_Williamsmouth_442,549 Forbes Mountains Suite 392,Alejandraberg,WY,STORE,KM,Colorado,HT,47186
444,LOC_South Bradley_443,949 Charlotte Divide,East Sergio,MP,WEB,MU,Maryland,SB,64306
445,LOC_Buckleyfurt_444,9210 David Ridges Suite 332,Coxchester,NY,PARTNER,TW,Maine,RU,34316
446,LOC_North Jon_445,695 Carroll Pines,Smithhaven,MH,WEB,NO,Hawaii,AF,50623
447,LOC_Karenside_446,1535 Melissa Crossroad,Kevinville,WA,STORE,AG,Rhode Island,HT,09431
448,LOC_Andersonland_447,383 Amanda Cape,South Jose,KY,WEB,TM,Alabama,AF,50226
449,LOC_Taylorbury_448,3656 Gross Meadow,Velazquezstad,MH,PARTNER,MU,Mississippi,FI,42526
450,LOC_North Marie_449,253 Robertson Loop Apt. 873,Port Bob,MA,STORE,TW,Missouri,CF,69822
451,LOC_West Larrystad_450,087 Hutchinson Square Apt. 226,Jeremyton,WY,WEB,HR,Wisconsin,OM,94491
452,LOC_East Melissa_451,808 Steven Ramp Apt. 595,East Douglasville,PR,PARTNER,KZ,Texas,ZM,01667
453,LOC_Rickyshire_452,3498 Anderson Cliff Apt. 784,East Christinatown,AR,STORE,RW,Louisiana,DK,96453
454,LOC_West Erin_453,15734 David Mountain Suite 626,Lake Kevin,AK,STORE,MV,Hawaii,GW,65379
455,LOC_Port Wesley_454,9308 Reese Wall,Pollardville,NV,STORE,SR,Nevada,DK,21740
456,LOC_North Nathaniel_455,194 Tiffany Row,West Stephanie,MP,PARTNER,UG,Oregon,BW,57826
457,LOC_Shellyland_456,377 Robinson Curve Apt. 913,North Emmachester,ID,STORE,NO,Texas,BJ,00686
458,LOC_Cohenside_457,712 Hess Meadows Apt. 583,New Deborahside,KS,PARTNER,SK,Tennessee,AD,60736
459,LOC_East Brandonfurt_458,27011 Jimmy Squares,South James,ND,PARTNER,JO,Tennessee,HT,88983
460,LOC_Lake Daniel_459,0125 Kristi Extension,Williamsview,MH,PARTNER,LR,Pennsylvania,VC,03810
461,LOC_Barbaramouth_460,966 Brian Via,Lake Madeline,ID,PARTNER,CN,Kansas,LY,35839
462,LOC_Lynnmouth_461,774 Rebecca Islands,Toddbury,WA,WEB,ES,Vermont,BA,43744
463,LOC_Port William_462,62827 Michael Ports,South Derek,CA,WEB,PY,Kentucky,PE,76843
464,LOC_New Kristin_463,53435 Gray Mountains,South Edwinland,NH,PARTNER,KM,Oklahoma,DE,36049
465,LOC_South Alexandria_464,97721 Romero View Suite 543,South Jamesview,TX,STORE,DK,New Hampshire,DM,38193
466,LOC_North Michaelton_465,05555 Taylor Lodge,New Wendyhaven,MI,WEB,SB,South Carolina,CN,42281
467,LOC_Salazarmouth_466,037 Kristen Crossing Apt. 571,North Heidiberg,WA,WEB,KP,Tennessee,PH,61084
468,LOC_North Samanthaborough_467,78492 Henry Hills Suite 561,Shaunton,KY,PARTNER,SD,North Carolina,SR,71054
469,LOC_Danieltown_468,0071 John Crossroad Apt. 949,Markhaven,ID,WEB,SZ,Utah,IR,89064
470,LOC_Williamchester_469,68313 Tracy Stream Apt. 031,Newmanchester,HI,STORE,LY,Kansas,AF,75804
471,LOC_New Devinstad_470,57750 Matthew Dale Apt. 995,New Ericshire,FM,PARTNER,UG,Utah,BB,82894
472,LOC_Figueroaburgh_471,26965 Mann Row Apt. 827,Shanestad,NY,PARTNER,KI,West Virginia,GD,90264
473,LOC_South Sherrychester_472,290 Terry Flat,Garciaberg,CO,PARTNER,DO,Oklahoma,KN,56609
474,LOC_North Christopher_473,86628 Herman Landing Apt. 626,North Lori,ND,STORE,IN,New Mexico,NE,93930
475,LOC_Millerborough_474,975 John Freeway Suite 347,Smithbury,MA,STORE,MY,Kansas,TO,58849
476,LOC_Andersonfurt_475,54448 Brian Passage Apt. 558,South Jeremy,UT,WEB,HN,Ohio,SV,20052
477,LOC_Lake Kurthaven_476,218 Jessica Lights,Sandramouth,PA,WEB,ET,New York,OM,96085
478,LOC_Anthonychester_477,37154 Guzman Lake Apt. 143,Mortonport,MT,STORE,LK,Nevada,ER,95925
479,LOC_Lake Stanley_478,38677 James Forge Apt. 868,Jenniferland,ND,STORE,AD,Washington,BH,57297
480,LOC_Gonzalezborough_479,2105 Elijah Spring Suite 856,Kristenburgh,VA,WEB,ET,Minnesota,QA,95364
481,LOC_East Christopher_480,415 Sanders Harbor,Stuartborough,NV,STORE,FJ,Maryland,CL,18878
482,LOC_Kingstad_481,7519 Jennifer Mill Apt. 795,Port Nicoleside,VI,STORE,SL,Illinois,KE,83912
483,LOC_Terryfort_482,21693 Alyssa Spur Apt. 305,Port Heidi,UT,STORE,CR,New Jersey,ZW,99703
484,LOC_Robertfort_483,39675 Bolton Drives,East Jessicaton,WI,STORE,GW,Oklahoma,NL,27041
485,LOC_Lake Benjamin_484,7128 Cooper Keys,Ronaldberg,IA,PARTNER,AD,Kentucky,BR,42834
486,LOC_Staceyberg_485,020 Johnson Lakes Suite 527,West Rachelstad,RI,STORE,GQ,Louisiana,TD,60919
487,LOC_Johnchester_486,2762 Crosby Plains Suite 649,Lake Justintown,LA,WEB,WS,South Carolina,LT,67958
488,LOC_Walterhaven_487,939 Hicks Cove Suite 787,Jamesview,GU,STORE,MX,Virginia,TJ,04355
489,LOC_Timothyberg_488,86545 Turner Flats Apt. 829,Gomezville,AK,WEB,CR,Tennessee,EC,85076
490,LOC_Port Lauren_489,3597 David Rue,North Annamouth,NY,STORE,SM,North Carolina,TG,39617
491,LOC_South Garyville_490,105 William Trace,Port Anitastad,NM,PARTNER,LS,Oregon,LK,15403
492,LOC_Newmanview_491,1486 Jack Knolls Apt. 946,Juliemouth,ME,WEB,US,Florida,MR,86677
493,LOC_Michelleborough_492,1691 Johnson Track,Webbborough,VI,WEB,CV,Utah,ZM,44031
494,LOC_Juliaborough_493,91791 Charles Forest Apt. 495,Port Chelsey,VA,WEB,FI,Delaware,NA,35028
495,LOC_East Blaketon_494,07408 Destiny Trace,Port Rebeccabury,IA,PARTNER,LI,Rhode Island,TT,64348
496,LOC_Emilyfort_495,34276 Mcdaniel Village,North Shannonchester,NE,WEB,VU,Vermont,CO,40176
497,LOC_West Peterport_496,57159 Snyder Rest Suite 107,Lawrenceville,NE,STORE,UZ,Florida,GM,92408
498,LOC_Dianastad_497,4817 Tiffany Vista Suite 690,Jayborough,AL,WEB,SO,Nevada,AU,62014
499,LOC_Port Joseph_498,4026 Hester Spring,North Kathyland,ND,PARTNER,CZ,Kentucky,AZ,80299
500,LOC_Marthaburgh_499,795 William Estate Apt. 715,Jamesmouth,IL,PARTNER,KR,Alaska,CL,84486
501,LOC_Fischermouth_500,6742 Jennifer Skyway,Vargasfurt,FM,STORE,CV,Minnesota,UG,08260
502,LOC_Gordonmouth_501,7253 Collier Forge Suite 354,Port Danielleshire,GA,PARTNER,IN,Mississippi,BR,74262
503,LOC_East Cassandra_502,5321 Schmidt Orchard,Elizabethmouth,AZ,STORE,SV,Mississippi,BW,87983
504,LOC_Port Danaton_503,0743 Laura Road Suite 337,Brownland,HI,WEB,CH,Washington,US,59622
505,LOC_Chanbury_504,94362 Brown Shoal,Ericland,OR,STORE,KP,Arizona,SL,21445
506,LOC_Allenbury_505,1670 Valerie Club,Victoriafort,NV,PARTNER,SM,North Dakota,DK,85602
507,LOC_West Davidburgh_506,26558 Leslie Walks Suite 155,South Matthew,WY,PARTNER,GE,Montana,BS,51403
508,LOC_West Calebfort_507,2884 Jones Haven,Martinview,GU,WEB,BT,Illinois,SL,43928
509,LOC_Patrickborough_508,841 Carter Ports Apt. 133,Jamesborough,MI,WEB,ZM,Texas,BJ,90243
510,LOC_Doylemouth_509,9867 Krista Summit,Martinview,MS,PARTNER,PG,South Dakota,AU,36307
511,LOC_Bellmouth_510,76250 Audrey Valley Suite 460,Butlertown,AS,WEB,MZ,Alaska,CH,44767
512,LOC_South Jennifershire_511,84031 Helen Causeway,North Jessica,MH,WEB,CA,Idaho,RO,47659
513,LOC_East Mary_512,87846 David Glen,North Joseph,ID,PARTNER,CA,North Dakota,KE,65867
514,LOC_Karenside_513,057 Barnes Hill Suite 743,Cameronhaven,IN,WEB,HU,Louisiana,UZ,99831
515,LOC_New Misty_514,4465 Cindy Centers Suite 028,North Teresa,SD,WEB,DK,Idaho,GT,14463
516,LOC_New Michaelview_515,712 Lauren Fords Apt. 173,Montoyaville,CO,PARTNER,SG,Minnesota,PL,53115
517,LOC_East Kevin_516,001 Wagner Drives,Port Jessicaton,VA,STORE,TM,Rhode Island,CH,49285
518,LOC_East Sophia_517,775 Day Harbors Suite 001,Port Elizabethstad,MI,PARTNER,PG,Alabama,KM,39607
519,LOC_West Patricia_518,3852 Newton Heights,Breannaborough,VI,STORE,PW,Maryland,RU,25056
520,LOC_East Michaelville_519,2316 Jasmine Field,East Heather,KS,STORE,HT,Arizona,BN,37238
521,LOC_Melissaville_520,846 Salas Park,Alexanderfurt,OK,PARTNER,PA,Connecticut,PA,48084
522,LOC_Carolynmouth_521,555 Brian Trafficway,Maxwellmouth,VI,WEB,ST,Texas,CD,35869
523,LOC_Sarahside_522,2017 Carson Bypass Suite 885,Christopherfort,PR,PARTNER,GT,Washington,PT,73900
524,LOC_South Christopherview_523,53727 Nguyen Extension Apt. 678,Jacobport,LA,STORE,TD,Maryland,PS,56581
525,LOC_Monicaland_524,04028 Vasquez Points,Clintonside,DC,PARTNER,ER,Ohio,NP,82129
526,LOC_Lisafort_525,5607 Horne Valleys,Calebside,PA,STORE,BA,Minnesota,NO,17697
527,LOC_New Nicholas_526,06398 Moyer Ridges,South Alyssa,VI,STORE,KG,Alabama,DK,77016
528,LOC_Williamsmouth_527,75217 Rodriguez Drive Apt. 832,Littleborough,PA,PARTNER,GY,Wyoming,FR,19883
529,LOC_North Joshua_528,17676 Smith Ridge Apt. 281,Molinaborough,SD,PARTNER,CA,Arizona,GM,30395
530,LOC_New Crystal_529,3505 Angela Square Suite 464,Annaberg,MI,STORE,RS,Mississippi,TN,75070
531,LOC_Ralphview_530,127 Wendy Island Suite 467,Daniellemouth,MS,WEB,WS,Pennsylvania,SI,80627
532,LOC_North Teresatown_531,3126 Kevin Light Apt. 607,Williamsville,NY,STORE,TZ,Iowa,DM,27176
533,LOC_Julietown_532,263 Ward Springs Apt. 391,South Davidhaven,AS,PARTNER,PA,Wyoming,WS,41650
534,LOC_Mcdonaldburgh_533,49208 Zachary Mountains,Paulland,AK,WEB,PA,Georgia,PH,09909
535,LOC_Alexandrafort_534,4525 Tiffany Overpass,Cunninghamview,HI,STORE,YE,Georgia,VC,17919
536,LOC_Stephenburgh_535,6602 Ruiz Springs Suite 946,North Dianamouth,KY,PARTNER,BT,Hawaii,KG,03977
537,LOC_Estradafort_536,4761 Jimenez Knoll Suite 926,Gomezborough,TX,WEB,MR,Oklahoma,CU,66562
538,LOC_Kaitlinport_537,98142 Taylor Extension Suite 825,Jacquelineland,PR,WEB,CD,South Carolina,LT,63066
539,LOC_Johnsonbury_538,718 Collins Trail,South Karla,KS,STORE,MT,South Carolina,CY,03931
540,LOC_West Matthewshire_539,710 Brent Roads,Rebeccaside,WA,PARTNER,RW,North Carolina,VC,58254
541,LOC_East Angela_540,3587 Andrew Creek,Davidfurt,AS,STORE,BS,Nevada,BI,10035
542,LOC_Aarontown_541,79127 Christopher Ranch,West Kathyshire,NM,STORE,BJ,Connecticut,NA,09107
543,LOC_Port Thomaschester_542,7748 Carrie Flat Suite 901,Davisside,NH,PARTNER,DM,Rhode Island,GA,77181
544,LOC_East Lauren_543,874 Dana Extensions,Lake Gabriela,PR,STORE,CU,Virginia,CI,15023
545,LOC_Danielstad_544,9865 Mccoy Stravenue Suite 889,Karenchester,LA,STORE,SN,South Dakota,CG,19897
546,LOC_Bradview_545,94875 Shea Pines Apt. 072,North Gabriella,ID,WEB,TH,Nebraska,PW,78434
547,LOC_Jacksonfort_546,85235 Hunter Path,Port Nathan,CO,STORE,BA,Washington,BE,83883
548,LOC_Port Justin_547,1841 Taylor Road,Lake Gregory,MD,PARTNER,FR,Tennessee,VA,92617
549,LOC_Johnsonburgh_548,14650 Nichols Tunnel,New Gina,IL,WEB,MZ,Missouri,BH,53004
550,LOC_Churchfort_549,007 Jones Mews Suite 231,Thomasport,GA,PARTNER,HN,Hawaii,DM,45277
551,LOC_New Matthewchester_550,2065 William Pine Suite 197,West Staceybury,VT,STORE,SN,Washington,BW,40566
552,LOC_Walterville_551,8138 Joshua View,Francesberg,MO,WEB,LY,Illinois,LA,92291
553,LOC_Bobbyburgh_552,94125 Crystal Pines,Littlefort,MI,WEB,LI,Minnesota,AU,48556
554,LOC_Whiteview_553,4250 Hoffman Path Suite 316,Lake Emily,NM,PARTNER,MM,Connecticut,GM,60421
555,LOC_New Mary_554,01525 Margaret Divide,Hillville,CT,PARTNER,DE,Hawaii,LR,67577
556,LOC_Aliciafort_555,23816 Gordon Knoll Suite 946,Brownland,OK,STORE,BD,Wisconsin,GW,51110
557,LOC_West Trevorberg_556,03554 Olson Hills Apt. 649,North Austin,GA,STORE,DE,Hawaii,CF,17207
558,LOC_Larsonchester_557,0880 Forbes Lodge Apt. 617,North Davidborough,WY,WEB,UG,Iowa,MU,39413
559,LOC_Port Hayleyfurt_558,46451 Johnathan Courts,Port Miranda,IA,WEB,GQ,Washington,MN,04646
560,LOC_North Claudiaburgh_559,579 Robertson Cove,Lake Elizabethburgh,NH,STORE,SA,Maine,TM,11894
561,LOC_East Lindabury_560,7182 Smith Corner,Kelleyhaven,VT,STORE,ML,Idaho,FR,16633
562,LOC_Richardhaven_561,213 Lee Unions Apt. 446,North Franklin,FM,PARTNER,AL,Kentucky,KH,37726
563,LOC_Joshualand_562,79213 Olsen Roads,South Ericland,TN,PARTNER,LS,Wisconsin,TN,28701
564,LOC_New Monica_563,29780 Zachary Coves Suite 833,Suttonfurt,WV,PARTNER,MV,Tennessee,AD,74596
565,LOC_Port Adrianaland_564,61772 Brandon Loop Apt. 615,Simsburgh,MN,WEB,CG,New Hampshire,EE,28682
566,LOC_Chavezberg_565,03463 Kim Dam,Lisachester,CT,WEB,DJ,New Mexico,FM,29602
567,LOC_Scottville_566,25078 Dorsey Ramp,Ramirezport,IL,WEB,VU,California,BI,27361
568,LOC_South Michael_567,73493 Keller Mountains,Rodriguezland,MH,STORE,GB,Illinois,AE,26525
569,LOC_Simmonsbury_568,893 Allen Cove Suite 839,Jonesport,FM,STORE,LI,Hawaii,TD,40969
570,LOC_New Ryan_569,4475 Tina Dam,Meganton,HI,STORE,PS,Mississippi,LK,18293
571,LOC_Butlerland_570,7719 Nicholas Land,Smithchester,IL,PARTNER,DZ,Massachusetts,GN,36797
572,LOC_East Dianaside_571,0911 Anderson Mountains Apt. 043,Port Michael,CA,PARTNER,IE,Minnesota,CV,40419
573,LOC_West April_572,4607 Lauren Skyway Suite 872,Johnberg,MA,PARTNER,SK,Wisconsin,ZM,58729
574,LOC_Phillipmouth_573,0683 Daniels Underpass,Port John,RI,PARTNER,LY,Kansas,KH,17192
575,LOC_Josephhaven_574,36144 Montes Brook,Lake Dylanland,MA,PARTNER,BS,Pennsylvania,NP,00562
576,LOC_Isabelland_575,8111 Suarez Mission,South Jessica,OH,STORE,GB,Oklahoma,TM,90988
577,LOC_Walkerbury_576,201 Shaffer Junctions,Bradleyhaven,WA,STORE,AT,California,TG,08936
578,LOC_East Carolyn_577,9513 Shaun Lakes,New Anne,AK,WEB,QA,Tennessee,NZ,67040
579,LOC_Nathanstad_578,13950 Scott Manor,South John,KS,WEB,PW,Indiana,BA,96157
580,LOC_Acostabury_579,625 Ingram Camp,Sanchezhaven,VI,STORE,VU,Vermont,BD,71526
581,LOC_West Richard_580,5047 Emma Squares,Port Timothybury,MH,WEB,NL,North Carolina,MK,88761
582,LOC_Johnsonport_581,50623 Michele Isle,Abigailborough,OK,WEB,DM,Illinois,TZ,87017
583,LOC_Sullivanshire_582,4751 Alexandra Spurs,Laurenmouth,NY,WEB,FJ,North Dakota,LC,99221
584,LOC_New Vanessaview_583,8061 Bridges Haven Suite 411,Taylormouth,NJ,WEB,TW,New Jersey,BD,19646
585,LOC_South Jamie_584,04017 Powell Orchard,Allentown,KY,PARTNER,SG,North Dakota,AF,93012
586,LOC_Lindatown_585,35113 Todd Spring,Williamhaven,PR,STORE,AM,Minnesota,GE,07450
587,LOC_Cathyfort_586,10040 Mason Mall Suite 702,Adrianabury,NM,WEB,GE,Idaho,GM,95181
588,LOC_West Katrinafurt_587,1887 Smith Pass,Annaburgh,MN,PARTNER,BT,Alabama,AD,67438
589,LOC_East Destinystad_588,665 Leach Wall,Mooreside,NJ,WEB,RS,Oregon,NA,14758
590,LOC_South Stevenfort_589,43758 Richard Forest Suite 769,South Leslieburgh,FL,STORE,GD,Vermont,KM,31986
591,LOC_East Russell_590,0450 Summers Hill Suite 759,Jackborough,RI,STORE,AU,West Virginia,UG,16670
592,LOC_Lake Lisa_591,6346 Seth Motorway Apt. 400,West Denise,AZ,WEB,PE,Pennsylvania,LT,53389
593,LOC_New Christy_592,909 Kimberly Cliffs,Gouldberg,ME,PARTNER,MH,South Dakota,KM,06999
594,LOC_Campbellshire_593,0948 Richard Rest Apt. 398,Taramouth,ME,STORE,LS,California,PH,76793
595,LOC_Jackieberg_594,49913 Mcguire Estates,Nathanielstad,WI,STORE,CM,Indiana,AE,33928
596,LOC_South Carla_595,4213 Fields Dam,Joelview,IA,WEB,MT,Rhode Island,KW,77460
597,LOC_Lake Jonathon_596,305 Tammy Cliffs Apt. 147,East Angelhaven,SD,STORE,CY,California,UZ,16739
598,LOC_East Matthew_597,080 Brown Hollow Apt. 475,South Jennifer,ND,STORE,SK,Iowa,DZ,27134
599,LOC_Cynthiaport_598,7263 Sweeney Haven,Kanemouth,OR,STORE,BR,Illinois,SC,81099
600,LOC_Port Rebecca_599,41626 Clarke Flat,New Christina,NJ,WEB,CI,Tennessee,TD,77847
601,LOC_North Stephanie_600,1535 Russell Spurs,Lake Rebeccaville,MD,STORE,MK,New Hampshire,BO,48345
602,LOC_Jenkinstown_601,5655 Reid Crescent Apt. 558,Tylerport,GA,WEB,IR,Iowa,SA,72000
603,LOC_Catherineshire_602,0828 Ramsey Tunnel,North Johnstad,IN,WEB,GD,Texas,EG,84947
604,LOC_Lake Rachel_603,08897 Bush Manors,Anthonyview,MI,PARTNER,TD,Missouri,IN,64427
605,LOC_Port Jerry_604,16081 Simmons Stream Apt. 040,New Gordon,FM,PARTNER,CV,Utah,NL,36818
606,LOC_West Melissa_605,8186 Cassandra Fall Apt. 791,New Janicehaven,NM,STORE,BZ,Colorado,IE,13332
607,LOC_Valerieberg_606,169 Meghan Inlet,Edwardsmouth,ID,WEB,TH,Alabama,IN,99357
608,LOC_Lake Anthonystad_607,44714 Barton Trafficway,Sandersburgh,OH,PARTNER,US,Nebraska,BN,08522
609,LOC_South Angelica_608,9414 Kent Green Apt. 917,Maryberg,FL,WEB,CG,Iowa,AE,34823
610,LOC_Taylorshire_609,8987 Moreno Springs Apt. 045,Angelatown,AK,WEB,CA,Arkansas,ER,31635
611,LOC_North Hectorview_610,71969 Schmidt Bridge,North Alexander,TN,STORE,IE,North Carolina,PE,67389
612,LOC_South Caitlin_611,4446 Ryan Canyon Apt. 891,West Sheryl,GA,STORE,ID,Michigan,ME,38015
613,LOC_Fraziermouth_612,229 Robertson Villages Apt. 814,Michaelmouth,OH,STORE,CO,Wyoming,ZW,28735
614,LOC_West Carla_613,828 Kerry Islands,East Nicholas,RI,STORE,SL,Kansas,MX,48141
615,LOC_West Juanville_614,84912 Debra Hills Suite 360,Michaelmouth,IN,WEB,MA,Wisconsin,TL,23435
616,LOC_Allenstad_615,3384 Baker Mill,New Samantha,IL,WEB,NO,Wisconsin,LK,27535
617,LOC_Port Christopherside_616,6528 Klein Parks Apt. 736,West Jeffrey,MN,PARTNER,ID,Washington,NI,74012
618,LOC_Moralesshire_617,75009 Fred Ridges Apt. 635,Port Erin,MS,WEB,PY,Arizona,MW,04489
619,LOC_Lawsonchester_618,50722 Christopher Divide Apt. 639,Douglasport,MP,STORE,UA,Rhode Island,AR,96076
620,LOC_Port Karen_619,55097 Kayla Circle,Bellville,VA,STORE,TT,Kansas,TL,61525
621,LOC_Breannatown_620,1354 Gray Views,Coxstad,LA,PARTNER,AD,California,SC,73075
622,LOC_Stephenstown_621,5826 Saunders Station,South Shawnton,IA,PARTNER,MH,Iowa,MH,24360
623,LOC_New Sandra_622,43326 Dorsey Turnpike Apt. 760,Hawkinsmouth,MH,STORE,MT,Vermont,LR,49386
624,LOC_Victoriastad_623,523 Jasmine Walk Apt. 919,North Paulborough,SD,STORE,MM,New York,SI,62180
625,LOC_Yoderfort_624,78531 Tom Loaf,North Brittany,ID,STORE,TW,Vermont,VC,42866
626,LOC_Amyton_625,616 Villa Crescent,Lake Codyfurt,CA,WEB,KM,Nevada,BF,58892
627,LOC_Joelland_626,9523 Alexis Grove Apt. 697,Port Katelynstad,ME,PARTNER,NO,North Carolina,BF,17082
628,LOC_North Keithport_627,37936 Gonzalez Greens Suite 737,South Angelaside,MS,WEB,CV,Alabama,GR,96364
629,LOC_South Gary_628,893 Adam Tunnel Suite 515,Nixonshire,PA,STORE,RS,Connecticut,IQ,22620
630,LOC_New Jason_629,472 Taylor Curve,Denisemouth,SD,WEB,CR,Utah,CH,14768
631,LOC_Brownport_630,7590 Frank Throughway,West Nancymouth,MP,STORE,KI,New Jersey,NZ,69311
632,LOC_Alanmouth_631,16899 Jeffery Unions Apt. 415,Leeview,MI,WEB,BE,Oklahoma,LS,11330
633,LOC_Barnesstad_632,94438 Elizabeth Via,Port Tinaside,AK,PARTNER,PT,New Jersey,NP,68354
634,LOC_Scottstad_633,82964 Craig Mountains,Sherryhaven,WI,WEB,PG,Louisiana,LB,18274
635,LOC_Beasleybury_634,5347 Dominguez Land,East Jasonport,PW,WEB,SD,Idaho,NL,00725
636,LOC_East Jamesstad_635,31368 Randolph Expressway,East Daltonland,IL,PARTNER,ZW,Maryland,KI,54434
637,LOC_Jessicahaven_636,56335 Davidson Overpass Apt. 591,Hernandeztown,CT,STORE,BI,Mississippi,SV,01344
638,LOC_Richardbury_637,415 Zamora Ways,Port Kimberly,VA,WEB,DM,Nebraska,DK,46989
639,LOC_West Tonytown_638,901 Bowman Glen,Vegaborough,SC,PARTNER,KR,Montana,VA,90499
640,LOC_Matthewborough_639,6712 Melinda Fort,West Crystalstad,DC,STORE,TO,Texas,SZ,90240
641,LOC_South Lisa_640,5724 Brown Glen Apt. 742,Victorialand,IN,STORE,RU,North Dakota,CI,95805
642,LOC_North Sarahstad_641,224 Hubbard Springs Suite 662,Obrienberg,AZ,PARTNER,BH,Connecticut,ET,79247
643,LOC_Billyview_642,581 Rodriguez Corner Apt. 595,East Janet,AZ,PARTNER,BW,New Hampshire,CZ,41397
644,LOC_New Stanleyside_643,137 Dawn Bridge Apt. 831,Port Latoyaville,GA,PARTNER,SM,North Dakota,SG,22097
645,LOC_Brandonmouth_644,802 Fleming Streets Apt. 497,South Vanessabury,TN,WEB,IN,Hawaii,CA,10368
646,LOC_South Maxwell_645,927 Veronica Ferry,Bettyfort,NE,WEB,VU,Indiana,DZ,29809
647,LOC_Lake Melissatown_646,8946 Owens Junctions,Theresahaven,TX,STORE,HR,Rhode Island,TO,25228
648,LOC_East Michael_647,96407 Thomas Bridge Apt. 581,Lake Sharonshire,ME,WEB,RS,Indiana,SG,69010
649,LOC_Benjaminfurt_648,6866 Andrews Way,West John,VT,STORE,CV,Maine,AT,60022
650,LOC_Mooremouth_649,22234 Mary Burgs Suite 516,Gutierrezfort,LA,STORE,FJ,Tennessee,GE,76256
651,LOC_North Martin_650,179 Sandy Manor,Clarkport,WY,STORE,CM,Kentucky,SK,16677
652,LOC_East Ashley_651,595 Silva Glen Suite 557,New William,LA,PARTNER,NP,Iowa,PS,79834
653,LOC_South Lindsay_652,554 Audrey Bypass Suite 115,Kimberlytown,TN,PARTNER,MX,South Carolina,KE,58474
654,LOC_Alexanderstad_653,7627 Forbes Rest,South Emily,OH,PARTNER,NE,Vermont,ER,95507
655,LOC_Susanshire_654,8528 Taylor Motorway,North Joshua,NV,STORE,WS,Nevada,EE,04591
656,LOC_Chelseybury_655,57789 Trujillo Fords Suite 325,Moralesberg,FM,WEB,GW,Oregon,NZ,79199
657,LOC_Wallacemouth_656,21163 Richard Underpass,Sheppardstad,MS,PARTNER,UZ,Massachusetts,GY,16512
658,LOC_Hebertton_657,808 Humphrey View Apt. 671,Port Karenberg,ND,PARTNER,MT,Vermont,JM,21519
659,LOC_New Andrewport_658,5687 Marie Mission Apt. 361,West Lindsay,GU,WEB,NE,Nebraska,GR,69855
660,LOC_Sabrinaberg_659,6097 Meagan Walk,East Christopher,NM,WEB,GY,Alaska,KM,12775
661,LOC_Port Melissa_660,573 Thompson Stravenue,Seanland,FM,STORE,ID,Vermont,BS,40519
662,LOC_East Jenniferbury_661,909 Shah Branch,New Jamesmouth,FM,WEB,KE,Nevada,BI,10585
663,LOC_Crystalport_662,6460 Andrew Causeway,Port John,OR,WEB,MU,Alabama,CL,38537
664,LOC_Lisaport_663,41164 Mcmahon Run,Parkertown,AL,WEB,PL,Michigan,FI,75044
665,LOC_Briannaport_664,961 Henderson Row,New John,NC,WEB,MV,Delaware,EE,34962
666,LOC_Fordside_665,30696 Brown Motorway Suite 675,South Keith,NC,STORE,CF,Tennessee,OM,63055
667,LOC_Michealmouth_666,738 Sellers Valley Suite 849,Susanland,ID,WEB,RW,Kansas,AU,61974
668,LOC_North Ryantown_667,07275 Martinez Route Apt. 027,Timothyville,WA,STORE,BG,New Jersey,PH,02718
669,LOC_Tinaville_668,199 Pam Crescent Suite 713,Rogersmouth,MN,WEB,GW,Wisconsin,MX,75088
670,LOC_East Dustin_669,98440 Edward Fords,South Maryhaven,NY,STORE,TV,Michigan,LA,94275
671,LOC_Cherylshire_670,207 Robert River,West Melissaland,FM,STORE,PH,Maine,KM,77010
672,LOC_Lake Mistyfort_671,737 Mendoza Glen,Lake Brandon,AZ,STORE,MG,Massachusetts,CV,44754
673,LOC_East Kellyton_672,022 Regina Trail Apt. 388,Lisaville,MH,PARTNER,CG,Connecticut,BN,58022
674,LOC_East Cathy_673,20639 Jonathan Unions Apt. 802,Rayberg,NE,WEB,SB,Montana,MR,97936
675,LOC_West Kellyberg_674,9707 April Spurs,Brownfurt,OR,STORE,IT,Utah,GT,83879
676,LOC_Christineton_675,630 Lucero Junction Suite 316,Rileyville,GA,WEB,MV,Tennessee,ET,58499
677,LOC_Lake Natalie_676,4954 Matthew Key,East Robinberg,NJ,STORE,SI,New Jersey,LU,65104
678,LOC_Brownport_677,7095 Bradley Oval Suite 664,West Lisa,AR,STORE,TN,South Dakota,UA,21045
679,LOC_East Tina_678,14439 James Ports Suite 600,North Dennis,CT,WEB,IR,New Mexico,CD,27532
680,LOC_New Yolandachester_679,871 Kristin Fall Suite 925,Davisshire,MA,STORE,MA,Missouri,BG,41465
681,LOC_Morenoside_680,4080 Mcdonald Ways Apt. 613,Fuentesshire,LA,STORE,BO,Idaho,CZ,51079
682,LOC_Port Geraldberg_681,8295 Hensley Lodge,Jasonmouth,ND,PARTNER,KI,Mississippi,EE,85958
683,LOC_Georgechester_682,914 Morris Summit,Wigginsview,SC,PARTNER,BR,Indiana,BW,62059
684,LOC_Sancheztown_683,004 Pitts Stream Suite 957,East Valerie,WA,PARTNER,CN,Iowa,TZ,22946
685,LOC_Allisontown_684,00474 Johnson Heights Apt. 512,New Paulview,GU,PARTNER,DJ,New Mexico,NP,06354
686,LOC_Port Collinshire_685,8480 Dean Crest Apt. 090,Lake Joshuaberg,DE,WEB,BZ,Kansas,ST,25482
687,LOC_North Dennisberg_686,320 Wu Alley,Hortonfurt,WI,WEB,LU,Connecticut,FR,21292
688,LOC_Jefferyport_687,8052 Patricia Shores,Kellytown,SC,WEB,DM,Connecticut,KR,95692
689,LOC_Wongmouth_688,76841 Scott Dam,Port Robert,PA,STORE,BT,New Hampshire,ZA,42304
690,LOC_Sanchezport_689,39083 Brown Cove Suite 001,Josephbury,DE,PARTNER,MK,New Hampshire,MA,58113
691,LOC_East Jamie_690,80166 James Greens Apt. 817,Port Patricia,PA,WEB,MY,Florida,TH,47104
692,LOC_Watersside_691,7178 Randall Fords Apt. 930,New Michaelhaven,NV,PARTNER,AU,Nebraska,MA,46117
693,LOC_Andersonmouth_692,92153 Barnes Roads,Simpsonview,VI,STORE,GB,Maine,PK,73752
694,LOC_Glennberg_693,2142 Miller Square Suite 315,Bakerhaven,FL,PARTNER,LS,Mississippi,CO,04963
695,LOC_New Maryfurt_694,770 Lopez Springs Apt. 685,Sethfort,ME,PARTNER,RS,Oregon,CF,19550
696,LOC_Lake Mark_695,767 Thomas Camp Suite 173,Port Loriport,IL,PARTNER,GA,Georgia,AG,18899
697,LOC_Mitchellburgh_696,13681 Maria Dam,East Amber,AR,WEB,LU,Tennessee,ET,31426
698,LOC_South Belindamouth_697,71136 David Manor Suite 488,South Victorberg,WI,WEB,TD,California,TV,81144
699,LOC_East Scott_698,68087 Collier Brooks Apt. 456,Watsonchester,LA,STORE,HT,North Dakota,TJ,46213
700,LOC_Lake Sara_699,088 Greg Oval,New Jenniferview,SD,PARTNER,FJ,Kentucky,MD,41138
701,LOC_Port Janetville_700,768 Fields Summit,Kimberlytown,LA,WEB,BS,Pennsylvania,SD,25143
702,LOC_Justintown_701,53305 Chandler Estate,South Diana,MI,PARTNER,TN,West Virginia,SE,72769
703,LOC_Flemingmouth_702,1684 Deborah Ridge,West Timothy,MP,PARTNER,PK,Texas,RS,90315
704,LOC_West Jimton_703,102 Lee Key Suite 878,Jeanfort,MN,WEB,ST,Alabama,BH,22375
705,LOC_West Jonathanside_704,91789 Tiffany Courts,New Matthew,MP,WEB,GD,Missouri,PE,26389
706,LOC_South Scott_705,19075 Shannon Expressway,Miguelshire,IN,PARTNER,PT,Wisconsin,TD,69917
707,LOC_Alanhaven_706,3629 Amy Ridges,North Alex,HI,STORE,CN,Rhode Island,LI,94658
708,LOC_East Scott_707,834 Autumn Roads Suite 574,Smithborough,FL,STORE,VN,Iowa,GA,13042
709,LOC_New Ambertown_708,3286 Edwards Tunnel Suite 345,Jayton,NV,STORE,GD,New Hampshire,BF,66221
710,LOC_South Joseph_709,6830 Matthew Curve,Angelaborough,KS,STORE,GT,Wyoming,MZ,48366
711,LOC_Sellersport_710,06899 Kyle Locks,Johnberg,MO,PARTNER,MA,New Jersey,MC,09253
712,LOC_Brittanyberg_711,79859 Davis Knoll,West Meaganville,RI,WEB,FJ,Oregon,HR,93238
713,LOC_Elizabethland_712,6852 Brown Track Apt. 867,North Nicolehaven,SD,WEB,KG,New Jersey,BT,94298
714,LOC_Sarahtown_713,727 Thompson Greens,Benjaminland,FM,WEB,SG,Minnesota,RO,75729
715,LOC_South Timothy_714,32061 Randall Stravenue,New Jacobshire,SC,PARTNER,BZ,Minnesota,TH,56913
716,LOC_Lake Josetown_715,27383 Anthony Roads Suite 255,Harrisonshire,CT,STORE,LA,Vermont,HN,04553
717,LOC_East Ana_716,460 Kelley Mission,North Adamburgh,CT,PARTNER,IR,Alabama,ZM,61760
718,LOC_Lopezview_717,074 Victor Port,Lake Phillip,VA,STORE,MX,New Mexico,MU,06228
719,LOC_Alexanderfurt_718,257 Michelle Trail Suite 543,New Tracyhaven,MT,STORE,TZ,Texas,ZA,57080
720,LOC_North Stephanie_719,43056 Patrick Walks Apt. 521,West Lancefort,VT,WEB,TH,Colorado,MZ,70010
721,LOC_Stephanieshire_720,7164 Smith Points Suite 706,Bakershire,WA,WEB,MZ,Wisconsin,LR,22654
722,LOC_Wilsonhaven_721,78241 Bullock Vista,South Tammy,NC,WEB,VN,Connecticut,MM,37960
723,LOC_New Brandy_722,082 Leblanc Station,West Michael,AR,STORE,BA,South Dakota,BT,61012
724,LOC_South Mathew_723,81563 Susan Rest Suite 501,North Rachel,VA,PARTNER,TT,Missouri,PW,89708
725,LOC_Tiffanymouth_724,976 Stokes Prairie Apt. 246,Kristentown,KY,STORE,BB,Kentucky,CR,66025
726,LOC_Fisherhaven_725,56313 Valencia Landing,North Brittney,SC,WEB,ME,Virginia,SB,69254
727,LOC_Brownhaven_726,3099 Diane Trafficway Apt. 261,East Jennifer,GU,WEB,NZ,Wyoming,PT,06337
728,LOC_Margaretshire_727,4194 Jones Vista,Davidborough,IN,STORE,AE,Iowa,PW,47280
729,LOC_Lake Kyle_728,9761 Chad Glen,Heatherchester,WA,PARTNER,TR,Colorado,KI,73808
730,LOC_Michaelberg_729,912 Hubbard Green Apt. 177,Port Jared,TX,PARTNER,LK,Louisiana,FR,32628
731,LOC_Donaldville_730,29878 Madeline Divide,South Danny,TN,PARTNER,CY,California,BS,05350
732,LOC_Markfurt_731,5892 Roth Cliffs,West John,SC,PARTNER,ML,Alabama,IN,00622
733,LOC_Rebeccatown_732,6021 Wilson Manors Suite 068,Collinsberg,UT,PARTNER,SN,Oklahoma,NG,79736
734,LOC_Anthonyport_733,7085 Shah Meadow,Hannahside,CA,STORE,BO,Utah,JM,08568
735,LOC_Port Monique_734,7917 Daniel Well,West Russell,PW,STORE,MH,Texas,BR,89198
736,LOC_West Jillian_735,934 Shannon Shoals Apt. 388,Jenniferborough,KS,WEB,GA,Utah,CA,31146
737,LOC_New Stanleyton_736,374 Brenda Center Apt. 258,New Tiffany,AR,STORE,BH,Wisconsin,MR,59142
738,LOC_South Kelseyhaven_737,958 Jones Canyon Apt. 000,Lake Jasonville,IL,WEB,KN,Alabama,BY,86721
739,LOC_South Melissa_738,7367 Moore Drives Suite 256,Ericborough,NH,WEB,SK,California,YE,55958
740,LOC_Toddside_739,06754 Rose Mill Apt. 514,Jasonshire,MN,WEB,GD,Utah,AZ,40807
741,LOC_Lake Melvinshire_740,4530 Michael Common Apt. 907,Dayshire,IL,STORE,MX,Utah,CM,24386
742,LOC_Codyland_741,72268 Bailey Expressway,Port Aaronland,MS,WEB,PW,Missouri,EC,72673
743,LOC_Christyview_742,34872 Angela Loaf Apt. 458,South Williamport,ME,WEB,LU,Oregon,GY,58681
744,LOC_New Kellyberg_743,313 Cox Plain Apt. 060,Stevensonfurt,VI,WEB,UZ,Arizona,MV,08523
745,LOC_Deborahmouth_744,4187 Logan Club Suite 793,Port Audreychester,GU,WEB,KZ,Washington,AT,49690
746,LOC_North Vanessaport_745,244 Simmons Parks,Ronnieville,MO,WEB,KP,Washington,AE,71266
747,LOC_Davidland_746,7794 Rivera Port Suite 591,Williamton,SC,PARTNER,IN,New Hampshire,DZ,49515
748,LOC_Jamesmouth_747,4838 Gay Landing,South Zacharyview,NY,STORE,BR,Nevada,KP,03791
749,LOC_South Melissaside_748,3411 Thompson Station,Danielstown,AS,WEB,LS,Nebraska,BJ,53688
750,LOC_East Maryton_749,6229 Johnson Union,Kylehaven,OH,STORE,CH,Colorado,TM,68439
751,LOC_Wellschester_750,5634 Schneider Summit Suite 814,Josephburgh,TX,PARTNER,HR,Alabama,KG,28718
752,LOC_Smithberg_751,3789 Rachel Rest,West Ricardochester,PW,WEB,UY,Connecticut,LI,17197
753,LOC_Dennisland_752,16025 Kevin Causeway Apt. 462,West Noahbury,GA,WEB,GH,Alaska,IN,40043
754,LOC_East Melissa_753,3281 James Gateway Apt. 142,Suzanneborough,MA,PARTNER,SA,Massachusetts,MK,53778
755,LOC_North Samuelshire_754,889 Harris Tunnel Suite 864,Port Natalie,SC,WEB,BS,Florida,MM,76355
756,LOC_Michaelhaven_755,978 Trevor Divide Suite 778,Murphyside,HI,STORE,GR,North Dakota,HR,65119
757,LOC_Rachelborough_756,8763 Barr Ferry Suite 527,Johnfort,UT,WEB,VN,Delaware,BO,33139
758,LOC_New Michelle_757,1709 David Pass Apt. 071,Cherylburgh,GU,PARTNER,NO,California,GA,53378
759,LOC_West Robertmouth_758,28144 Moss Plaza Suite 107,West Ashley,HI,PARTNER,CO,Nebraska,HU,44180
760,LOC_Reginabury_759,059 Nash Skyway,Evelynview,ME,STORE,PG,Massachusetts,MN,73126
761,LOC_Lovetown_760,451 Torres Bridge Apt. 177,Donaldview,MD,PARTNER,PS,North Carolina,CN,52506
762,LOC_Washingtonfort_761,439 Scott Ways Suite 318,New Kennethmouth,WV,STORE,SD,Montana,BO,05856
763,LOC_Harrisbury_762,5618 Jodi Square,Jenniferberg,MP,WEB,TH,Delaware,AD,31782
764,LOC_Port Scottstad_763,6695 Eugene View Apt. 264,Ericashire,TX,PARTNER,IQ,Washington,BI,40209
765,LOC_West Bethburgh_764,072 Christine Fords Apt. 701,West Amanda,OH,WEB,SG,North Carolina,TZ,17517
766,LOC_Port Cory_765,119 Torres Shores,Lisaview,GA,STORE,MK,New Mexico,AL,84953
767,LOC_New Jonathanbury_766,39697 Johnson Brook Suite 256,Smithshire,NV,WEB,GR,Massachusetts,BJ,03367
768,LOC_East Geraldport_767,26745 Bradshaw Passage Suite 311,East Christopher,NM,STORE,NE,Colorado,CU,95691
769,LOC_Anthonyland_768,092 Karen Camp,Johnsonfurt,VI,WEB,TO,Maine,TV,87684
770,LOC_Herreraland_769,420 Clark Locks,New Janeborough,FM,PARTNER,IS,Louisiana,AO,22141
771,LOC_Mooremouth_770,95895 Wendy Gardens Suite 397,Carolborough,IN,WEB,GH,Montana,ME,13099
772,LOC_Christinamouth_771,58353 Conway Springs,Howardhaven,PW,PARTNER,AG,Idaho,TG,73486
773,LOC_Brianborough_772,413 Corey Fields Apt. 657,Patrickside,NV,WEB,MW,Maryland,AM,62761
774,LOC_Halefort_773,5333 Richard Springs,Olsonbury,GU,STORE,CY,Oklahoma,ER,59758
775,LOC_Rogerberg_774,01890 Larry Canyon Apt. 795,Robertfurt,NM,WEB,WS,Washington,DE,38801
776,LOC_Jonesburgh_775,2828 Toni Groves,Lake Thomasberg,ID,WEB,PE,California,CN,63501
777,LOC_Simpsonport_776,7844 Erica Radial Suite 282,Stephenberg,NE,WEB,MC,Indiana,SV,68616
778,LOC_Goodmanborough_777,2827 Rivera Key Suite 626,Port Davidborough,LA,STORE,FR,Vermont,ML,97860
779,LOC_Johnton_778,73818 Chad Ramp Apt. 356,Harrismouth,AK,STORE,BG,New York,HN,71394
780,LOC_Lake Alyssa_779,672 Michelle Avenue Apt. 798,Myersstad,OR,WEB,CY,Oklahoma,HT,74507
781,LOC_Nathanchester_780,06776 Robert Ranch Suite 142,Karaberg,ND,STORE,BS,Pennsylvania,GH,68167
782,LOC_Roberttown_781,449 Thomas Valley,North Melissa,NE,WEB,SD,California,SN,55603
783,LOC_Geoffreyburgh_782,838 Edwards Common,Danielletown,VI,STORE,ID,Louisiana,PY,87888
784,LOC_North Stephanieview_783,80151 Colin Cove Suite 409,Roymouth,MH,PARTNER,NA,Wyoming,MG,11792
785,LOC_Lake Robertburgh_784,108 Wheeler Lock Suite 512,South Caseyland,MD,STORE,AG,Texas,ME,99462
786,LOC_Jacobhaven_785,1905 Ramsey Course Apt. 818,Moorefurt,FM,WEB,MC,Vermont,KI,19316
787,LOC_Salasbury_786,2424 Howell Rapid,Adammouth,ID,PARTNER,CV,Georgia,NA,81558
788,LOC_Austintown_787,70534 Ware Mills Apt. 101,Phillipside,ID,STORE,KZ,New York,CZ,42580
789,LOC_Lowebury_788,506 Kelly Forge,Kennedyside,OR,STORE,PT,New York,SV,87565
790,LOC_Bakermouth_789,133 Williams Fort Apt. 360,Grahambury,AL,WEB,GA,Idaho,AU,46559
791,LOC_East Steven_790,65104 Ramirez Pass,Port Brittanyview,ND,PARTNER,AZ,Ohio,LA,63120
792,LOC_East Zacharyport_791,0016 Norman Vista,Rodriguezland,MS,PARTNER,DZ,Missouri,BT,93256
793,LOC_Stewartbury_792,97165 Fisher Freeway Suite 882,Colleenport,ID,WEB,MR,South Dakota,DE,93665
794,LOC_North Tabitha_793,04670 Joseph Center Apt. 271,Jamesburgh,NH,STORE,CV,Kansas,LY,72253
795,LOC_Garciashire_794,998 Estrada Branch,South Heidifort,MP,PARTNER,IR,New Hampshire,GW,98104
796,LOC_Herreraton_795,035 Reed Prairie,West Seanview,NJ,WEB,OM,Rhode Island,SC,47404
797,LOC_Calderonton_796,386 Peter Crossroad,South Kayla,MA,PARTNER,TJ,Hawaii,LI,70534
798,LOC_South Jasonhaven_797,97323 Leslie Curve Suite 753,Port Traceybury,AR,PARTNER,HT,South Dakota,MC,56691
799,LOC_West Courtney_798,72738 Gray Vista Suite 284,West Michaelland,LA,WEB,KR,Maine,KP,66384
800,LOC_Valerieville_799,294 Calderon Prairie Suite 742,Coryton,FM,WEB,PH,New York,GB,27522
801,LOC_Port Joseph_800,901 Garcia Ports Suite 971,Kellyhaven,DC,WEB,CH,Kansas,TZ,88532
802,LOC_Williamsberg_801,88304 Rodriguez Loaf Suite 331,Jenniferside,OH,STORE,AM,Rhode Island,CZ,69560
803,LOC_New Shannon_802,010 Young Village Suite 231,New Katelyn,MI,PARTNER,VA,Kansas,HU,09624
804,LOC_Anthonychester_803,18155 Stephen Shores Suite 353,Port Ryan,NV,PARTNER,SA,Texas,YE,62005
805,LOC_Lisaborough_804,532 Green Island,West Carolynshire,MP,WEB,HR,Oregon,PY,30582
806,LOC_Davidborough_805,5652 Charlotte Port,South Deborah,KY,STORE,NA,Oregon,MU,56999
807,LOC_West Robertstad_806,616 Young Loaf,Jasonshire,MS,PARTNER,AG,Idaho,BZ,18502
808,LOC_Nicholsfurt_807,5324 Bender Spur Suite 621,Lake Lydia,VI,PARTNER,BS,West Virginia,CF,15280
809,LOC_Brockport_808,3925 Michelle Gateway,New Johnny,IN,WEB,BT,Connecticut,KN,06474
810,LOC_Lake Amberside_809,48436 Foster Grove Apt. 116,South Gary,TX,WEB,GT,Connecticut,GH,86921
811,LOC_Bookerhaven_810,78147 Timothy Ferry Suite 549,East Richardview,MP,STORE,VN,Colorado,TV,38810
812,LOC_Brianchester_811,0256 Jay Spring Apt. 089,Dianebury,NE,WEB,LB,Connecticut,VE,99525
813,LOC_East Randall_812,2035 Walsh Ports,Port Kristenport,TN,STORE,TZ,Washington,MT,87430
814,LOC_Lake Sandra_813,3284 Bell Mews Suite 717,Savagemouth,AZ,STORE,RO,Kentucky,PK,33562
815,LOC_Lake Amy_814,17188 Joseph Roads,Alexanderhaven,AS,STORE,IE,Connecticut,QA,37138
816,LOC_Johnborough_815,83622 Smith Keys Suite 439,Kennethburgh,NE,PARTNER,TL,Louisiana,GH,70102
817,LOC_New Douglas_816,180 Holmes Walk,Ochoaview,ND,PARTNER,GQ,Montana,KZ,89949
818,LOC_South Lisa_817,0329 Michael Underpass Suite 895,Timothyton,PA,STORE,MH,Wyoming,TM,22846
819,LOC_Kellyville_818,8914 Jessica Pass,Cathyton,CA,STORE,MR,New Mexico,GD,09721
820,LOC_Beckertown_819,7731 Lindsey Roads Suite 930,Danielstad,AS,PARTNER,AL,South Dakota,IT,86795
821,LOC_Lopezside_820,15403 Carlson Oval,Warrenfort,NM,PARTNER,AZ,Massachusetts,PT,36982
822,LOC_East Jamesberg_821,96744 Ruiz Springs Apt. 720,Port Joseph,HI,WEB,TW,Oregon,SN,93607
823,LOC_Barrerabury_822,016 Tina Roads Apt. 760,Aaronshire,AL,WEB,DK,Idaho,NI,48606
824,LOC_Bowmanshire_823,5231 Diaz Oval,Luketon,MS,PARTNER,TL,Wyoming,CM,73586
825,LOC_Jodyberg_824,808 Crystal Pass,New Stevenburgh,NH,STORE,RU,Pennsylvania,TG,11437
826,LOC_West Lisa_825,947 Ian Alley,Smithstad,WV,PARTNER,HR,Wyoming,IR,64124
827,LOC_East Edgar_826,5171 Michelle Parks Suite 465,Port Linda,VI,STORE,ZA,Wyoming,IE,38825
828,LOC_Morrowbury_827,4557 Lewis Club,Marilynland,AS,WEB,AO,Colorado,IS,47306
829,LOC_Kinghaven_828,331 Anderson Mount Suite 488,New William,NH,WEB,SZ,New Mexico,ET,74604
830,LOC_Salazarland_829,28886 Sutton Trace Apt. 045,Juliatown,VA,STORE,NP,Florida,KZ,35608
831,LOC_East Alexandershire_830,784 Duncan Loop Apt. 535,Lake Kristen,MO,PARTNER,HN,Arizona,BT,11266
832,LOC_North Aprilberg_831,31391 Ellen Knolls,Port Michaelstad,PA,STORE,MY,Maine,PW,02248
833,LOC_Allenberg_832,9571 Sherri Ville,Joelberg,GU,PARTNER,DZ,Virginia,NZ,82846
834,LOC_Maryfurt_833,705 Drew Roads Suite 581,Port Christopher,PR,PARTNER,EE,New Hampshire,MR,23862
835,LOC_Williamtown_834,929 Weber Shores,Hansonburgh,MI,PARTNER,MV,Illinois,VC,31862
836,LOC_Mackenziemouth_835,1157 Larsen Trace Apt. 345,New Carl,FL,STORE,AR,Hawaii,LS,95465
837,LOC_Lake Susanburgh_836,677 Sanford Skyway,North Patrickfort,MO,WEB,ZW,Wyoming,HT,27221
838,LOC_New Angela_837,02963 Kyle Ramp Suite 713,Brandiville,ND,STORE,TL,Kentucky,KE,54204
839,LOC_Esparzabury_838,867 Monica Field,Arnoldmouth,MA,WEB,AO,Vermont,GQ,18200
840,LOC_West Melanie_839,954 Tucker Mountain Suite 415,West Ronaldfurt,VT,PARTNER,GA,North Dakota,SD,06971
841,LOC_East Robert_840,2160 Harris Rue Apt. 078,West Barbaraville,MH,STORE,DM,Pennsylvania,BI,44283
842,LOC_New Jonathanview_841,816 Rhonda Summit,Gibsonbury,LA,WEB,ER,Oklahoma,CZ,17080
843,LOC_South Debbiebury_842,35990 Estes Underpass Apt. 295,Taylorville,WV,PARTNER,ZM,Connecticut,BD,53489
844,LOC_Raymondmouth_843,842 Jill Islands,East Nicolemouth,UT,WEB,AG,Idaho,CN,73535
845,LOC_Rhondastad_844,3694 Alan Land,West Michael,TX,STORE,PT,Texas,BG,45326
846,LOC_East Rachel_845,6801 Morrison Greens,Saraville,MD,PARTNER,KM,North Dakota,HT,81955
847,LOC_Port Catherinebury_846,28918 Deborah Skyway,North Samuelhaven,CA,WEB,AU,Minnesota,BE,75907
848,LOC_Melissaport_847,061 Rodriguez Path,Barrbury,GU,STORE,IN,Florida,IT,95466
849,LOC_Davidstad_848,1012 Mcdonald Center Apt. 501,North David,CA,WEB,SV,Maryland,BI,12516
850,LOC_West Kathleen_849,04286 Monica Throughway,East Nicholasfort,KY,WEB,SD,Oklahoma,AM,47626
851,LOC_Clarkside_850,5064 Wood Mission,West Kevin,OK,WEB,PL,Georgia,SA,85925
852,LOC_Port Brianport_851,7415 Rose Ranch,Torresmouth,DE,PARTNER,MX,Oklahoma,MW,61492
853,LOC_Reedville_852,68543 Combs Shoals,East Christopher,WV,STORE,BN,Arkansas,LT,97266
854,LOC_Gutierrezton_853,7003 Nash Ville Apt. 276,East Carlburgh,KY,PARTNER,SB,Maine,PK,40659
855,LOC_Lake Brian_854,931 Torres Forge,Whiteborough,AR,PARTNER,SO,Illinois,BW,07895
856,LOC_Martinport_855,65131 Robert Knolls Apt. 592,West Teresa,OR,PARTNER,KH,Hawaii,MM,28532
857,LOC_West Loretta_856,708 Walker Via Apt. 054,East Dawnfort,KS,PARTNER,TZ,Connecticut,OM,69753
858,LOC_Port Deanfort_857,43114 Grant Glens Suite 027,Lake Brianhaven,FL,PARTNER,PG,Tennessee,GD,21861
859,LOC_Debrafort_858,860 King Estate,Hodgeshaven,KS,PARTNER,MH,Delaware,VA,86323
860,LOC_Rojasstad_859,2651 White Ford,Gilberttown,OR,PARTNER,ET,South Carolina,SR,20438
861,LOC_Ericahaven_860,58359 Patricia Divide Suite 221,New Brandon,FM,STORE,GA,Colorado,KM,68238
862,LOC_West Heatherport_861,679 Jimenez Circle,Beverlystad,PA,STORE,HT,North Carolina,MR,08810
863,LOC_Monicashire_862,707 Laura Crescent Suite 085,Felicialand,ME,WEB,PL,Colorado,LR,85091
864,LOC_Taraside_863,4120 Angelica Falls Apt. 341,Sharonmouth,MN,STORE,NI,Montana,IS,35750
865,LOC_New Penny_864,25077 Janet Roads,Fernandomouth,IA,WEB,QA,Wisconsin,MW,95834
866,LOC_East Alexis_865,1076 Edwards Drive Apt. 483,Lake Henryshire,NH,STORE,BE,Oklahoma,UG,33718
867,LOC_West Amandaton_866,347 Elizabeth Rapid Suite 456,Lake Grantstad,TN,WEB,BG,New Jersey,PT,92185
868,LOC_Rebekahland_867,25536 Brown Circles Apt. 973,Mortonside,DC,PARTNER,QA,Tennessee,CH,04648
869,LOC_Connortown_868,0402 Smith Pass,Lake Brittanyville,AR,WEB,TJ,Missouri,TO,98526
870,LOC_Dudleychester_869,11087 Nicholas Cliff,South Lisa,NJ,PARTNER,PE,Colorado,DE,43779
871,LOC_Brownville_870,4317 Whitney Row Suite 530,Michaelburgh,LA,PARTNER,LB,Oregon,WS,54976
872,LOC_Davidchester_871,208 Combs Mills,East Christina,AK,PARTNER,JP,Nebraska,NR,64584
873,LOC_East Troy_872,498 Maria Trafficway,Port Mary,IA,PARTNER,GD,Connecticut,TD,06545
874,LOC_Port Jameshaven_873,102 Paige Mews Apt. 620,Courtneyton,GA,WEB,IE,Georgia,RS,36220
875,LOC_East James_874,12888 Rick Prairie Apt. 559,Katiehaven,MT,PARTNER,LU,Maryland,HT,91053
876,LOC_Danaland_875,76470 Angela Crescent,Wattshaven,UT,WEB,IQ,South Dakota,AE,21653
877,LOC_North Josephfort_876,801 Valencia Locks,New Julieville,GA,WEB,AT,Virginia,AD,63909
878,LOC_East Adamton_877,16524 Stephanie Drive,Port Jeffrey,NV,PARTNER,TW,New Mexico,SA,45507
879,LOC_Jonathanmouth_878,49441 Anderson Cliff,Marilynborough,LA,STORE,SL,North Dakota,LI,10636
880,LOC_New Logan_879,234 Albert Crossing,West Thomas,RI,STORE,TJ,New York,QA,96543
881,LOC_Port Bethhaven_880,6451 Jonathan Ranch Suite 336,South Ryanville,OR,WEB,NA,Iowa,SR,96939
882,LOC_Emilystad_881,43179 Johnson Brooks Apt. 845,Lake Scott,FL,WEB,PE,Oregon,BA,30473
883,LOC_Reyeshaven_882,968 Brittany Lakes,Fishertown,VA,STORE,US,Pennsylvania,ST,06773
884,LOC_New Amanda_883,4035 Norris Radial Apt. 504,Mcdonaldchester,MP,STORE,SK,Kansas,BY,67007
885,LOC_Sanchezville_884,316 Marc Causeway Apt. 219,East Aaron,MD,STORE,GR,Ohio,MT,97337
886,LOC_West Katherinetown_885,2426 David Shoal Suite 171,Port Zachary,PW,WEB,JM,Vermont,AD,77766
887,LOC_South Jasonberg_886,110 Tiffany Ramp Suite 969,Kyleland,NE,STORE,GB,Mississippi,HT,42280
888,LOC_Catherinebury_887,7988 Melissa Tunnel Suite 427,New Walterport,ND,PARTNER,TD,Kansas,IR,69824
889,LOC_Kellystad_888,7226 Walters Parkway Apt. 754,Jefftown,IA,PARTNER,MW,South Dakota,LT,36875
890,LOC_South Frankbury_889,76903 Joel Skyway,Rangelbury,MA,WEB,KI,West Virginia,AR,49115
891,LOC_East Donald_890,66117 Allen Port,New Julia,HI,STORE,BI,Pennsylvania,EE,13610
892,LOC_Wrightmouth_891,1671 Carla Ways,Port Jessica,NE,PARTNER,GT,Maryland,ME,53632
893,LOC_Craigmouth_892,40575 Anderson Ferry Suite 078,Aguilarbury,NE,WEB,IS,Colorado,NA,67741
894,LOC_Pierceshire_893,00879 Rosales Green Suite 383,Pennyborough,MP,WEB,CY,Mississippi,MM,64620
895,LOC_Boltonhaven_894,44282 Christine Square,Port Michaelmouth,GA,WEB,VA,Indiana,VE,78103
896,LOC_New Zoeton_895,310 Edwards Mission,Lake Cameronport,ND,PARTNER,ID,Florida,RS,74320
897,LOC_South Michelle_896,38156 Manning Trafficway Apt. 872,Haysland,NH,PARTNER,NR,Indiana,IQ,43913
898,LOC_Thompsonport_897,7140 Andrea Expressway Apt. 254,West Grace,IN,WEB,KM,Hawaii,FM,52163
899,LOC_South Javiermouth_898,9754 Johnson Greens Apt. 175,Coffeytown,TN,STORE,BT,North Carolina,SA,21023
900,LOC_Wrightberg_899,20235 Chad Springs Apt. 950,East David,DC,PARTNER,YE,Idaho,GR,06660
901,LOC_North Cody_900,7672 Castaneda Mountains,South Glenn,GA,PARTNER,LT,Virginia,AU,71545
902,LOC_Angelabury_901,52377 Tony Greens Apt. 784,Timothyberg,WV,WEB,MU,Michigan,SI,71683
903,LOC_West Amy_902,9204 Henry Parkway Apt. 058,North Eric,IA,WEB,TR,Alaska,KR,80570
904,LOC_Jesusview_903,36107 Jonathan Pass Suite 769,New Jonathanland,WA,STORE,UA,Delaware,SK,55270
905,LOC_Lake Amber_904,0653 Ryan Summit,Wendyland,SD,STORE,SM,Colorado,BA,07540
906,LOC_South Josephtown_905,6320 Felicia Gardens,North Samantha,PR,PARTNER,GH,New Mexico,LK,17441
907,LOC_New Randall_906,75205 Matthews Meadows Apt. 717,North Steven,PW,WEB,AM,Washington,NI,25925
908,LOC_Kellerfort_907,330 Wilcox Ranch Apt. 341,Leefort,IN,PARTNER,TV,Utah,LT,19782
909,LOC_Lake Cynthia_908,797 Galvan Run Apt. 710,Glennside,MP,STORE,UZ,New Mexico,BW,66846
910,LOC_Allenview_909,0995 Turner Villages,Loveview,KY,STORE,KH,Virginia,AU,49951
911,LOC_Andreaberg_910,7839 Sarah Burg,Joshuafurt,NY,STORE,SN,New Hampshire,HT,67199
912,LOC_East Aaronside_911,4629 Debra Drives,Foleymouth,NJ,WEB,PL,New Hampshire,GQ,90906
913,LOC_Wolfechester_912,6320 Evans Walk Apt. 519,East Kathrynland,MA,WEB,SG,North Carolina,JO,11867
914,LOC_Caldwellburgh_913,90230 Ramirez Courts,Michellechester,RI,WEB,TH,Arizona,PK,73346
915,LOC_South Amandastad_914,3357 Kirby Junction,Melvinshire,VA,PARTNER,IT,Maryland,DK,20480
916,LOC_New Nicholasfurt_915,7577 Patel Spurs Apt. 512,West Charles,OR,PARTNER,CD,North Dakota,UG,94255
917,LOC_Amandafort_916,599 Jennifer Expressway,North Yolanda,MO,PARTNER,MD,Colorado,LR,60189
918,LOC_Jennaport_917,420 Melissa Square Apt. 526,Villegastown,CT,WEB,UY,New Jersey,DM,28430
919,LOC_Watsonville_918,24090 Simmons Neck,North Isabella,PA,WEB,TO,Maryland,EG,39200
920,LOC_Lake Gina_919,26396 Cole Loaf Apt. 791,East Brandonview,VI,WEB,BJ,Indiana,SI,88674
921,LOC_Flemingchester_920,2918 Anderson Drive Suite 649,Lake Shelleyshire,MT,PARTNER,TN,Mississippi,MC,09113
922,LOC_North Lanceberg_921,6547 Woods Corners Apt. 535,Bryantborough,OH,WEB,BN,Kansas,JO,69557
923,LOC_Heatherhaven_922,614 Allen Cape,East Melissafort,MN,WEB,SL,Idaho,DO,08503
924,LOC_West Markshire_923,68344 Bird Causeway,Lake James,OK,STORE,BN,Florida,CM,96468
925,LOC_Michaelhaven_924,329 Salinas Highway Suite 971,Parkerberg,AK,STORE,TJ,Hawaii,CH,44120
926,LOC_New Charles_925,930 Mitchell Cove Suite 146,Jeffreyport,GA,STORE,AE,Kentucky,KP,08204
927,LOC_Richardview_926,583 Dennis Meadow Apt. 956,Timothyburgh,OK,WEB,KW,Florida,SZ,26009
928,LOC_Jamestown_927,37159 Marshall Dam Suite 834,Robertstown,MS,WEB,ID,Michigan,CV,02726
929,LOC_New Angela_928,4835 Anderson Ford,New Brandifort,NV,STORE,VA,Florida,NO,53393
930,LOC_Gregoryfurt_929,1127 Michael Viaduct,Morrowtown,NV,WEB,PS,New Mexico,MZ,84209
931,LOC_Lake Robert_930,0008 Terri Island Suite 199,East Josephfort,IA,STORE,VU,Alaska,GM,31628
932,LOC_New Bonnieville_931,103 Woods Shoal,Skinnerchester,DC,STORE,KI,Rhode Island,TR,09799
933,LOC_Suzanneside_932,16151 Chavez Forks Apt. 008,West Ericaville,HI,PARTNER,CD,Maine,MH,49835
934,LOC_Aaronshire_933,52972 Sheila Station,Benjaminstad,MO,PARTNER,PW,California,TG,58018
935,LOC_Floreston_934,207 Gonzalez Burg,Samanthastad,HI,WEB,PL,Hawaii,BZ,15030
936,LOC_Allenside_935,73562 Alicia Unions Suite 206,Scottton,CA,PARTNER,BO,New Jersey,GA,99417
937,LOC_Williamsmouth_936,79649 Callahan River,Castillobury,NJ,WEB,NG,Alabama,JO,30251
938,LOC_North Andrew_937,35473 David Rapids Suite 906,South Thomas,WI,STORE,AZ,Minnesota,GW,19889
939,LOC_South Christianmouth_938,616 Graves Rapid Suite 975,Ericfort,CT,PARTNER,VE,New Hampshire,AG,46958
940,LOC_East Danshire_939,124 Christina Way Apt. 215,West Mary,TN,PARTNER,SY,New York,BD,00818
941,LOC_East Anthonyhaven_940,1700 Douglas Parks,West Kevinshire,MN,WEB,DK,Florida,CO,06890
942,LOC_West Victoria_941,606 Harris Grove,Robertfort,PW,STORE,MW,Rhode Island,AZ,44162
943,LOC_East Amyberg_942,9252 Kramer Roads Suite 702,Judithbury,KY,PARTNER,LY,Maryland,NZ,16333
944,LOC_New Seanmouth_943,92985 Mcmahon Meadows,Lopezhaven,NM,STORE,VA,Massachusetts,KG,56273
945,LOC_West Brian_944,8637 Louis Mews Apt. 946,Williehaven,ND,WEB,SD,Louisiana,BB,49602
946,LOC_North Christopherberg_945,14720 Williamson Flat,East Bianca,AK,WEB,HU,Idaho,BB,16953
947,LOC_North Markstad_946,53288 Robertson Forest,Andrewberg,PR,WEB,MA,New Hampshire,AR,64946
948,LOC_Reynoldsview_947,11675 Ward Crossing,Port Donnaside,NH,WEB,GM,New York,NO,93220
949,LOC_Millerside_948,757 Owens Parks Suite 295,Summersborough,PW,STORE,CM,Alaska,DK,82718
950,LOC_Nancychester_949,2525 Avila Green,Kaylaton,GU,STORE,HT,Oregon,PL,41968
951,LOC_Tinaland_950,947 Jennifer Glens Suite 151,Port Pamela,ID,STORE,PS,New Hampshire,TJ,70539
952,LOC_Vincenthaven_951,994 Marquez Station,Bentonstad,ME,STORE,AG,Montana,LT,15725
953,LOC_Haynesstad_952,857 Arthur Inlet Apt. 931,Lisamouth,NJ,WEB,GH,New York,NA,91306
954,LOC_Port Jenniferside_953,094 Timothy Brooks,Gordonshire,HI,PARTNER,JM,Montana,MX,54032
955,LOC_Olsenborough_954,5786 Becky Summit,Lake Jennifer,HI,WEB,AD,Massachusetts,FR,10473
956,LOC_Geraldfurt_955,227 James Square,Chungchester,MD,PARTNER,BG,Arizona,US,66485
957,LOC_Kaylaville_956,316 Greer Greens,East Denise,WY,WEB,QA,Connecticut,MX,58188
958,LOC_East Seanton_957,9489 John Drive Suite 609,New Marissa,IA,PARTNER,SZ,Georgia,LK,49296
959,LOC_Kevinberg_958,944 Hernandez Brook Suite 077,West Jeremytown,NV,STORE,TN,North Dakota,BB,23220
960,LOC_Flowershaven_959,99411 Mckinney Tunnel,Riveraland,NY,WEB,TZ,Hawaii,KE,38282
961,LOC_Sanchezside_960,03097 Griffith Motorway Apt. 836,Erikastad,NC,WEB,KR,Alaska,VN,61559
962,LOC_Danielstad_961,37630 Joanna Oval,Davidview,IA,WEB,OM,Connecticut,RO,34735
963,LOC_North Michael_962,6451 Barbara Wall,New Jerry,MH,WEB,BG,New York,DK,09765
964,LOC_South Melissa_963,6500 Moreno Pike Suite 057,West Lindabury,NJ,PARTNER,CG,Illinois,TD,93513
965,LOC_Johnsonmouth_964,569 Ashley Mountains,Port Laurafort,HI,STORE,TM,California,PS,98479
966,LOC_Kristentown_965,355 Gray Circles,Lake Robertfort,WV,WEB,SM,Colorado,FR,49387
967,LOC_New Brandonburgh_966,29116 Ryan Spring,North Gabrielle,ME,STORE,PK,South Dakota,KR,65836
968,LOC_Rebeccaton_967,34743 Gonzales Wells,Port Bradley,CO,PARTNER,US,Florida,DK,25081
969,LOC_Port Shawn_968,2473 Pham Pike Suite 917,New Christinabury,AR,PARTNER,IE,New Hampshire,FM,90860
970,LOC_Aliciafurt_969,0042 Erin Pines,New Michaelland,MH,STORE,LY,Massachusetts,AG,87427
971,LOC_Port Jordan_970,43294 Richard Mall,East Annaberg,MN,PARTNER,GQ,New York,VE,29191
972,LOC_Port Becky_971,818 Rebecca Square,Williamview,VA,WEB,MY,Minnesota,BJ,02925
973,LOC_Roberttown_972,99250 Ryan Locks Suite 297,West Brandymouth,WA,WEB,LA,Arkansas,SI,89819
974,LOC_Rushbury_973,5726 Ramirez Shoals Apt. 465,Curtiston,ME,WEB,IR,Kentucky,MV,15786
975,LOC_Hoodbury_974,861 Baxter Crescent,Fisherfort,PR,STORE,MM,Arizona,GQ,82641
976,LOC_Greenview_975,8288 Castillo Vista Apt. 044,New Teresa,MH,WEB,LK,South Carolina,CZ,75535
977,LOC_Markhaven_976,176 Alison Dam,Glendachester,VA,STORE,AZ,Nebraska,AU,30657
978,LOC_East Jonport_977,3711 Smith Canyon,North Morgan,NV,WEB,BJ,Alabama,ME,60398
979,LOC_Floresmouth_978,174 Byrd Light,Amandaton,SC,STORE,MC,Rhode Island,UZ,15218
980,LOC_New Matthew_979,942 Lynch Square,New John,SC,PARTNER,VA,Texas,PA,60017
981,LOC_Smithstad_980,603 Andrew Motorway Apt. 809,Higginsshire,WY,WEB,JO,Kansas,KM,69791
982,LOC_Barrettburgh_981,21203 Jones Island Suite 325,Martinezland,OR,WEB,AE,Alaska,RO,88619
983,LOC_Lake Matthew_982,1007 Jared River Apt. 392,Brandibury,IL,STORE,ER,Wisconsin,KW,95550
984,LOC_East Jennifer_983,438 Colleen Common Suite 053,North Mirandaview,NH,WEB,NO,Indiana,CR,29933
985,LOC_Yorkberg_984,959 James Meadow,Port Kevinburgh,AZ,PARTNER,NO,Pennsylvania,TG,66476
986,LOC_Simmonsburgh_985,44452 Abbott Crest,Reedview,NY,STORE,BZ,Colorado,MM,04521
987,LOC_Bradleyshire_986,0366 Roberts Hollow,West Susan,WV,STORE,GR,Kansas,KH,17894
988,LOC_Port Jasonshire_987,782 Emily Mount,Lake Amy,NE,STORE,KP,Washington,RO,69881
989,LOC_Port Susanville_988,042 William Neck Apt. 114,South Nicolasberg,MP,PARTNER,SR,Texas,QA,97234
990,LOC_Lake Toddstad_989,864 Bryan Light Suite 510,South Curtis,TN,STORE,SN,New Hampshire,TL,72939
991,LOC_South Destiny_990,9532 Sanchez Trafficway Apt. 017,Lake Jamesburgh,AS,WEB,NR,Vermont,IT,33388
992,LOC_Lopezmouth_991,699 Watts Branch,South Susanview,TX,PARTNER,NR,Maryland,SN,30750
993,LOC_Port Meagan_992,4769 Joseph Points Apt. 143,Lopezberg,CT,STORE,NO,Maryland,VE,39600
994,LOC_Larsonhaven_993,30199 Heather Parkway Apt. 434,East Mauriceland,NE,WEB,ZM,Ohio,MY,26633
995,LOC_Cordovaberg_994,891 Cruz Rapids,East Stevenshire,MP,STORE,TN,Oklahoma,LA,98852
996,LOC_North Jessica_995,5183 Moreno Park Suite 188,Robertstown,WA,STORE,FR,Michigan,TM,38869
997,LOC_Bennettburgh_996,538 Yates Mountains Apt. 591,West Michael,AR,STORE,CM,North Carolina,SV,35758
998,LOC_Kingchester_997,75419 Alexander Causeway,Stevensonville,NY,WEB,MZ,South Dakota,AM,91054
999,LOC_West Manuel_998,0618 Carter Radial Apt. 979,Bushside,NY,PARTNER,CU,Minnesota,FJ,86124
1000,LOC_Katieville_999,012 Williams Views,Georgechester,IL,STORE,BZ,Arizona,BR,46248
