website_key,website_name,website_url,website_type,website_category,website_description,navigation_urls,banner_name,tool_bar,number_of_products_per_page,search_available,site_placement
1,"Reid, Mathis and Johnson Market",https://www.mckinney.com/,Marketplace,Electronics,"Consider citizen claim another sister public. Official international environmental.
Coach her why sell matter. Music real subject pull per.","/nav1,/nav2,/nav3",banner_1,N,12,Y,Featured
2,Moore LLC Market,https://ross.org/,Blog,Clothing,Society brother market power. Talk artist protect including thing including. Share own none sure hot vote.,"/nav1,/nav2,/nav3",banner_2,Y,24,Y,Top
3,"Erickson, Wagner and Morrison Store",http://www.wolfe-guerrero.com/,E-commerce,Electronics,Establish enter experience beyond operation painting. Performance word tend property dark. Most wear husband instead plant require character.,"/nav1,/nav2,/nav3",banner_3,Y,60,Y,Top
4,Baker-Smith Outlet,http://nguyen.com/,E-commerce,Sports,Less thought that friend morning culture. Perhaps performance fact stage great. Four investment vote scene best.,"/nav1,/nav2,/nav3",banner_4,Y,36,Y,Standard
5,Rojas LLC Outlet,http://anderson.com/,E-commerce,Clothing,"Recognize here cultural. Former sell expect director even far fly.
Success happy leader against drug allow who. Agree challenge often.","/nav1,/nav2,/nav3",banner_5,Y,12,Y,Standard
6,Weaver-Dixon Outlet,http://www.newman-wright.com/,Marketplace,Clothing,"Education room especially leg. Lose page example husband. Allow American task impact today wear.
Provide go western need final always. Ball town information four.","/nav1,/nav2,/nav3",banner_6,Y,48,Y,Top
7,Parker Ltd Market,https://bryant-cox.info/,Corporate,Clothing,Drug kitchen own democratic. Suggest marriage ask cut realize. Hundred resource throw however trouble writer.,"/nav1,/nav2,/nav3",banner_7,Y,24,Y,Featured
8,Mcneil Inc Market,https://hoffman.com/,Blog,Electronics,Manager Congress test increase example we. Rather month modern fear.,"/nav1,/nav2,/nav3",banner_8,Y,12,Y,Standard
9,Stein-Baker Shop,http://www.johnson-rose.com/,Marketplace,Sports,Forget since determine time Democrat trip use instead. One Mr democratic staff require painting just. Require may feel become ability political fine. Glass consider need science better seem party.,"/nav1,/nav2,/nav3",banner_9,Y,12,Y,Top
10,"Powell, Wilson and Walls Market",http://www.spears.org/,Marketplace,Clothing,"Trade issue car live be here sing. Painting science travel campaign. Feel painting serve try game. Keep point test then.
Myself in together to with.
Room thus kind.","/nav1,/nav2,/nav3",banner_10,Y,24,Y,Featured
11,Johnson Inc Market,http://www.horne-williams.com/,E-commerce,Sports,"American answer important quite. Act rise particularly culture he analysis quality. Democratic town image ever least choose.
Throughout show cold. Theory best top discussion nature west town think.","/nav1,/nav2,/nav3",banner_11,Y,24,Y,Standard
12,Taylor LLC Market,https://wilkins-gilbert.com/,E-commerce,Home & Garden,"Capital look guy street. Relationship kid long.
Scene then age.
You source character reach hour. Professional education dinner street.","/nav1,/nav2,/nav3",banner_12,Y,12,Y,Top
13,Richards-Lynn Shop,https://www.bass.com/,E-commerce,Electronics,Identify experience let house skin check also. First daughter notice build. Race way short possible structure. Hot support better Mr contain thing.,"/nav1,/nav2,/nav3",banner_13,N,24,Y,Featured
14,Rocha Group Shop,http://scott.com/,E-commerce,Electronics,Check region those accept out blood. Door final as represent stock. Face increase yet my toward book rest himself.,"/nav1,/nav2,/nav3",banner_14,Y,48,Y,Top
15,Hampton Inc Outlet,http://www.jones-guerrero.info/,E-commerce,Sports,Measure woman as doctor. First popular cause meeting business despite. Parent million behavior feeling. Thus less parent.,"/nav1,/nav2,/nav3",banner_15,N,48,Y,Top
16,"Wilson, Warren and Powell Outlet",http://santos-hall.com/,Corporate,Books,Each nor dark population scene town. Factor require certain majority send.,"/nav1,/nav2,/nav3",banner_16,Y,60,N,Featured
17,Bowman Inc Market,http://harvey-washington.com/,Blog,Home & Garden,Culture guy respond to determine yard. Practice machine nice card whatever young. Way benefit along break around.,"/nav1,/nav2,/nav3",banner_17,Y,12,N,Featured
18,Cordova Inc Store,http://huerta-collier.net/,Blog,Books,"Reality us food believe role society after him. President book mission.
History mind claim more character board town. Official first later walk memory know region success. Money require drive leader.","/nav1,/nav2,/nav3",banner_18,N,60,N,Standard
19,Bautista and Sons Shop,https://chandler.com/,Blog,Electronics,"Not natural source impact nation live. Class surface north people lead.
Four into within if five time minute now. Leader way we word evidence commercial assume. Reason become brother hard.","/nav1,/nav2,/nav3",banner_19,Y,12,Y,Top
20,Mclaughlin PLC Shop,https://perkins.org/,E-commerce,Clothing,"Sell scientist return from mean even economy better. Stay bar seek practice. Civil game development sport help.
Occur street weight couple movie rich. Let sense appear minute call follow.","/nav1,/nav2,/nav3",banner_20,Y,12,Y,Featured
21,"Davis, Gomez and Vang Store",http://www.martinez.info/,Blog,Sports,"Find lay early yourself. System program per similar chance institution.
Buy artist part other power skin. Put clearly he.","/nav1,/nav2,/nav3",banner_21,Y,36,Y,Standard
22,Thompson-Nelson Store,http://www.taylor-rangel.com/,Marketplace,Sports,"Speech entire lawyer just specific gas rest. Development feel mouth head.
Laugh every key development play. Be resource instead why myself police. Opportunity often than college culture other.","/nav1,/nav2,/nav3",banner_22,Y,48,Y,Top
23,"Elliott, Watson and Cummings Store",http://www.hughes.com/,Corporate,Sports,"Animal live author involve those cultural safe.
Reality treatment seem piece day several receive. Wrong true hope vote father. Get serve you stand local.","/nav1,/nav2,/nav3",banner_23,Y,60,Y,Standard
24,"Valdez, Morales and Jones Store",http://www.mcdowell.com/,Marketplace,Electronics,Boy respond sound southern may. Strong agree character major price heart our sister. Major any small change commercial people military.,"/nav1,/nav2,/nav3",banner_24,Y,12,Y,Top
25,Flores-Rose Shop,http://myers.org/,E-commerce,Sports,"Back system should win teach onto.
Say fly pattern actually ready. Catch particularly operation never collection late. Out election enough song investment discuss indeed. Do understand room movement.","/nav1,/nav2,/nav3",banner_25,N,24,Y,Standard
26,"Peterson, Newman and Franklin Store",http://perez.com/,Blog,Clothing,Book central especially soon some. Third idea issue experience year save. Indicate method gun money.,"/nav1,/nav2,/nav3",banner_26,Y,60,Y,Top
27,"Reynolds, Spencer and Long Shop",http://smith.org/,Corporate,Electronics,"Ago sort yourself represent be. Debate tough fine go less role.
Dog late compare test. Into set clear keep poor business. Listen offer charge class nature along suddenly.","/nav1,/nav2,/nav3",banner_27,Y,36,Y,Standard
28,"Clark, Jones and Pittman Outlet",http://duncan-harris.com/,E-commerce,Clothing,"Young majority discuss. Media health social save serve.
Middle serve democratic growth knowledge lead throw. Here many most interesting. Sister success debate next loss executive thought.","/nav1,/nav2,/nav3",banner_28,N,36,Y,Standard
29,Nichols-Mccoy Store,http://rodriguez-rogers.com/,Corporate,Clothing,Figure specific fall computer skin pull. Across cultural fight lose. Culture traditional board ground member. Address single professor see weight big despite.,"/nav1,/nav2,/nav3",banner_29,Y,48,Y,Top
30,Hamilton LLC Shop,https://www.cameron.com/,Blog,Electronics,"Receive represent first no agent. Cold art paper right air television. Live three teach high plan.
Cost require some fact million to factor. Serve than paper reason Mrs prepare.","/nav1,/nav2,/nav3",banner_30,Y,12,Y,Top
31,Rodriguez-Allen Market,https://robinson.com/,Marketplace,Books,"Individual hope now people. Return civil Democrat remain statement same. Expert again we north.
Drop skill ago challenge wide future. Sister citizen future song word officer.","/nav1,/nav2,/nav3",banner_31,Y,12,Y,Featured
32,"Berry, Hoffman and Bryan Store",http://www.sandoval.com/,Blog,Electronics,"Near hundred spring. Realize window student actually other help.
Republican race thought answer worry party. Pressure improve hour partner push.","/nav1,/nav2,/nav3",banner_32,Y,24,Y,Top
33,"Greene, Willis and Thomas Shop",https://garza.biz/,Corporate,Clothing,"Week blue financial partner indeed school community number. Leg decide west improve keep her field begin.
Figure mission sport alone push why wonder. Inside end quickly prove prove second despite.","/nav1,/nav2,/nav3",banner_33,Y,48,Y,Top
34,"Moody, Nelson and Wright Shop",https://atkins.com/,E-commerce,Sports,"Where history sort record.
Candidate community leader federal when bar husband. Performance middle serve business mother. Manage everything century arm its.","/nav1,/nav2,/nav3",banner_34,Y,36,Y,Featured
35,"Aguirre, Jones and Roach Store",http://thompson-white.biz/,Corporate,Sports,Project bit identify. Customer run policy face green trial artist thought. Thought door fast know democratic result better artist.,"/nav1,/nav2,/nav3",banner_35,Y,60,Y,Featured
36,"Frazier, Allen and Harvey Market",http://cole.net/,E-commerce,Sports,"Member material fast out name. Rich beat six particular skin action everybody. Hour front choose view that.
Purpose right north simply. Top fill approach join set. Society ask case account.","/nav1,/nav2,/nav3",banner_36,Y,24,Y,Top
37,Wright Inc Outlet,https://moore.com/,Marketplace,Clothing,After example treat yes subject manage audience scene. These student crime society difference senior main decide.,"/nav1,/nav2,/nav3",banner_37,Y,24,Y,Top
38,"Mata, Holloway and Le Market",https://www.myers.org/,E-commerce,Clothing,Campaign present cold husband response. Dark experience detail community week beat produce. Drive responsibility eat today.,"/nav1,/nav2,/nav3",banner_38,Y,48,Y,Standard
39,"Hutchinson, Ortiz and Jordan Outlet",http://hall.com/,Corporate,Sports,"End benefit reach.
Attorney want spend church. We production for no. High industry also drive.","/nav1,/nav2,/nav3",banner_39,Y,12,Y,Featured
40,"Nguyen, Jones and Lawrence Market",http://www.williams-moore.com/,Blog,Home & Garden,"Space compare enter around different behind partner read. Life add treatment material get.
Medical end cost Congress. According marriage lot movie.","/nav1,/nav2,/nav3",banner_40,N,24,Y,Featured
41,Woods-Logan Shop,https://bennett.net/,Marketplace,Clothing,"Part modern better find. Institution relate around. Blue early our apply article you never.
Wonder information half myself.","/nav1,/nav2,/nav3",banner_41,Y,48,N,Featured
42,Hansen-Garcia Market,https://www.howard.com/,E-commerce,Home & Garden,"Continue then act one main decide. Young hard establish size high scene fact become.
Thousand make out really live. Eat sit stage.","/nav1,/nav2,/nav3",banner_42,Y,12,Y,Standard
43,Leon-Phillips Store,https://gomez.biz/,Blog,Home & Garden,"Tree yes expect there. Language beat step want them sister. Large picture statement we.
Page conference miss change.","/nav1,/nav2,/nav3",banner_43,Y,36,Y,Top
44,"Morris, Randall and Wells Outlet",http://payne-rodriguez.org/,Corporate,Sports,"Big finish drug heavy.
Oil return moment resource or blue act. View describe question receive raise remain. Maybe short model. Pick will part usually kind.","/nav1,/nav2,/nav3",banner_44,Y,48,Y,Standard
45,Walters-Guzman Store,http://www.stewart-henderson.net/,Corporate,Home & Garden,Approach law effect Mr even environment. Drive and return few. Approach physical citizen particular relationship.,"/nav1,/nav2,/nav3",banner_45,Y,36,Y,Standard
46,"Morrison, Baker and Combs Store",https://ryan-powell.com/,Corporate,Clothing,"Action own forget message. Set old ever hot check. Yeah ten describe popular vote. Detail matter term meet.
Above scientist camera play morning decide choice. Recent occur front send south test.","/nav1,/nav2,/nav3",banner_46,N,60,Y,Top
47,Thompson Inc Outlet,http://www.baker.com/,Blog,Home & Garden,Life industry color maybe travel scientist in offer. Half night turn at value meet. Cause however join.,"/nav1,/nav2,/nav3",banner_47,Y,24,Y,Featured
48,Mitchell PLC Store,https://eaton.com/,E-commerce,Clothing,Ability again indicate sing piece machine mother. Friend several however small between way tough.,"/nav1,/nav2,/nav3",banner_48,N,12,Y,Standard
49,Thomas PLC Store,https://neal.net/,Marketplace,Books,Share people provide power relationship. Carry fast condition upon safe center evening.,"/nav1,/nav2,/nav3",banner_49,Y,48,Y,Featured
50,Lee Inc Shop,https://www.duncan-valencia.biz/,Blog,Sports,"Site box answer four. Sea alone yourself by early meeting line.
War risk though than man sister crime live. Smile full message hear center he court. Magazine case wind exactly whom serve.","/nav1,/nav2,/nav3",banner_50,Y,12,Y,Standard
